Rk,Player,Age,Tm,Pos,GP,G,A,PTS,+/-,PIM,PS,EV,PP,SH,GW,EV,PP,SH,S,S%,TOI,ATOI,BLK,HIT,FOW,FOL,FO%
1,Justin Abdelkader\abdelju01,32,DET,LW,43,0,3,3,-10,25,-0.7,0,0,0,0,3,0,0,38,0,505,11:44,24,93,36,31,53.7
2,Pontus Aberg\abergpo01,26,TOR,LW,5,0,1,1,0,0,0,0,0,0,0,1,0,0,4,0,44,08:42,1,1,0,0,
3,Vitaly Abramov\abramvi01,21,OTT,RW,2,1,0,1,0,2,0.2,1,0,0,0,0,0,0,3,33.3,12,05:47,0,0,0,0,
4,Noel Acciari\acciano01,28,FLA,C,56,19,5,24,-2,17,2.6,18,0,1,5,5,0,0,84,22.6,884,15:47,87,106,317,334,48.7
5,Andrew Agozzino\agozzan01,29,PIT,LW,13,0,2,2,0,4,0.1,0,0,0,0,2,0,0,6,0,82,06:16,5,15,22,21,51.2
6,Sebastian Aho\ahose01,22,CAR,F,58,33,23,56,12,20,7.4,24,6,3,5,16,6,1,174,19,1122,19:20,14,42,342,400,46.1
7,Michael Amadio\amadimi01,23,LAK,C,57,6,10,16,-8,8,0.8,6,0,0,0,7,3,0,89,6.7,759,13:19,18,18,209,218,48.9
8,Joey Anderson\anderjo08,21,NJD,RW,7,2,2,4,1,2,0.5,2,0,0,0,2,0,0,8,25,76,10:49,1,6,1,0,100
9,Josh Anderson\anderjo05,25,CBJ,RW,26,1,3,4,-8,17,-0.4,1,0,0,0,3,0,0,63,1.6,418,16:04,13,68,7,12,36.8
10,Jaret Anderson-Dolan\anderja01,20,LAK,C,4,0,0,0,-1,0,-0.1,0,0,0,0,0,0,0,2,0,41,10:16,0,3,5,8,38.5
11,Lias Andersson\anderli01,21,NYR,C,17,0,1,1,-8,4,-0.5,0,0,0,0,1,0,0,13,0,162,09:33,8,20,41,47,46.6
12,Rasmus Andersson\anderra01,23,CGY,D,61,4,14,18,-15,55,2.5,4,0,0,0,10,4,0,112,3.6,1191,19:31,65,43,0,0,
13,Andy Andreoff\andrean01,28,PHI,LW,14,0,1,1,-3,2,-0.2,0,0,0,0,1,0,0,14,0,119,08:32,4,20,4,4,50
14,Anthony Angello\angelan01,23,PIT,C,4,0,0,0,-1,0,-0.1,0,0,0,0,0,0,0,1,0,20,04:56,2,4,0,0,
15,Artem Anisimov\anisiar01,31,OTT,C,41,11,4,15,-14,6,1.2,8,3,0,1,4,0,0,64,17.2,560,13:39,21,4,157,156,50.2
16,Mason Appleton\applema01,24,WPG,C,35,4,3,7,-9,10,0.1,3,0,1,0,3,0,0,40,10,390,11:09,10,17,4,6,40
17,Josh Archibald\archijo01,27,EDM,RW,50,9,7,16,-5,10,1.4,7,0,2,3,6,0,1,54,16.7,653,13:03,34,138,0,2,0
18,Joel Armia\armiajo01,26,MTL,RW,48,15,13,28,9,22,3.4,10,3,2,2,12,1,0,139,10.8,836,17:25,23,130,1,4,20
19,Viktor Arvidsson\arvidvi01,26,NSH,LW,46,13,10,23,-2,18,2.1,10,3,0,0,8,2,0,101,12.9,762,16:34,20,24,11,7,61.1
20,Rasmus Asplund\asplura01,22,BUF,F,29,1,2,3,-4,6,-0.3,1,0,0,0,1,0,1,36,2.8,314,10:50,7,20,49,65,43
21,Zach Aston-Reese\astonza01,25,PIT,C,57,6,7,13,6,28,0.7,5,0,1,0,7,0,0,98,6.1,822,14:26,30,136,7,16,30.4
22,Andreas Athanasiou\athanan01,25,DET,C,44,8,14,22,-44,26,0.4,5,3,0,1,10,4,0,108,7.4,731,16:37,20,28,42,58,42
23,Cam Atkinson\atkinca01,30,CBJ,RW,44,12,14,26,2,6,2.9,9,3,0,2,9,5,0,148,8.1,785,17:51,21,18,27,30,47.4
24,Nicolas Aube-Kubel\aubekni01,23,PHI,RW,26,4,4,8,-4,17,0.6,3,1,0,1,4,0,0,32,12.5,285,10:58,11,61,1,2,33.3
25,David Backes\backeda01,35,BOS,C,16,1,2,3,-2,16,0.1,0,1,0,1,2,0,0,26,3.8,137,08:33,4,22,7,10,41.2
26,Mikael Backlund\backlmi01,30,CGY,C,61,10,22,32,0,26,2.6,4,3,3,2,16,6,0,129,7.8,1089,17:51,10,34,302,336,47.3
27,Nicklas Backstrom\backsni02,32,WSH,C,51,11,34,45,-2,12,3.9,9,2,0,0,20,14,0,116,9.5,984,19:18,35,26,445,447,49.9
28,Sven Baertschi\baertsv01,27,VAN,LW,6,0,2,2,-2,4,0,0,0,0,0,0,2,0,7,0,71,11:49,0,5,0,0,
29,Josh Bailey\bailejo01,30,NYI,C,58,12,25,37,-14,10,2.9,9,2,1,2,18,7,0,77,15.6,986,17:00,42,18,113,102,52.6
30,Justin Bailey\baileju01,24,VAN,RW,2,0,0,0,0,0,0,0,0,0,0,0,0,0,1,0,11,05:20,0,4,0,0,
31,Rudolfs Balcers\balceru01,22,OTT,LW,7,0,1,1,0,0,0,0,0,0,0,1,0,0,8,0,72,10:15,2,10,0,2,0
32,Ivan Barbashev\barbaiv01,24,STL,C,57,7,15,22,1,17,1.7,6,0,1,1,14,0,1,62,11.3,758,13:18,28,123,120,139,46.3
33,Riley Barber\barberi01,25,MTL,RW,9,0,0,0,-1,2,-0.2,0,0,0,0,0,0,0,6,0,74,08:15,1,15,1,0,100
34,Mark Barberio\barbema01,29,COL,D,14,0,2,2,7,12,0.8,0,0,0,0,2,0,0,21,0,222,15:52,15,11,0,0,
35,Cole Bardreau\bardrco01,26,NYI,F,10,1,1,2,-2,6,0.1,1,0,0,1,1,0,0,10,10,89,08:52,1,21,21,29,42
36,Aleksander Barkov\barkoal01,24,FLA,C,56,17,40,57,6,16,5.5,10,7,0,2,28,11,1,148,11.5,1115,19:55,28,14,552,471,54
37,Tyson Barrie\barrity01,28,TOR,D,60,5,28,33,-6,16,3.7,4,1,0,0,19,9,0,150,3.3,1306,21:46,68,39,0,0,
38,Mathew Barzal\barzama01,22,NYI,C,58,18,30,48,4,34,5,14,4,0,2,25,5,0,139,12.9,1143,19:43,37,17,190,269,41.4
39,Drake Batherson\bathedr01,21,OTT,C,20,2,6,8,-9,8,0.2,1,1,0,0,2,4,0,29,6.9,315,15:46,10,42,4,1,80
40,Jay Beagle\beaglja01,34,VAN,RW,50,1,4,5,-9,38,-0.8,0,0,1,1,3,0,1,42,2.4,629,12:35,39,60,361,245,59.6
41,Ethan Bear\bearet01,22,EDM,D,59,5,13,18,0,27,3.7,4,1,0,1,13,0,0,82,6.1,1267,21:28,82,50,0,0,
42,J.C. Beaudin\beaudje01,22,OTT,C,22,0,1,1,-4,7,-0.4,0,0,0,0,1,0,0,18,0,190,08:38,11,51,62,56,52.5
43,Nathan Beaulieu\beaulna01,27,WPG,D,27,1,5,6,10,27,1.8,1,0,0,1,5,0,0,21,4.8,429,15:53,27,47,0,0,
44,Anthony Beauvillier\beauvan01,22,NYI,LW,58,18,19,37,-3,10,3.9,14,3,1,3,15,4,0,111,16.2,998,17:13,34,74,8,2,80
45,Pierre-Edouard Bellemare\bellepi01,34,COL,LW,57,8,12,20,6,10,1.6,6,0,2,0,10,0,2,66,12.1,753,13:12,34,36,333,302,52.4
46,Kieffer Bellows\belloki01,21,NYI,LW,6,2,1,3,3,0,0.5,2,0,0,1,1,0,0,8,25,64,10:41,4,9,0,0,
47,Emil Bemstrom\bemstem01,20,CBJ,C,46,5,9,14,1,4,1.2,2,3,0,2,7,2,0,77,6.5,543,11:48,14,43,4,8,33.3
48,Jamie Benn\bennja01,30,DAL,LW,59,18,14,32,-6,33,3.5,11,7,0,4,9,5,0,142,12.7,978,16:35,51,149,224,170,56.9
49,Jordie Benn\bennjo01,32,VAN,D,42,1,6,7,-6,17,1,1,0,0,1,6,0,0,55,1.8,689,16:25,61,40,0,0,
50,Sam Bennett\bennesa01,23,CGY,C,43,8,4,12,1,32,1.3,8,0,0,0,3,1,0,70,11.4,548,12:45,12,90,73,70,51
51,Matt Benning\bennima01,25,EDM,D,34,1,6,7,9,15,2,1,0,0,0,6,0,0,28,3.6,459,13:29,28,65,0,0,
52,Tyler Benson\bensoty01,21,EDM,LW,4,0,1,1,2,0,0.1,0,0,0,0,1,0,0,4,0,40,10:04,1,1,1,0,100
53,Patrice Bergeron\bergepa01,34,BOS,C,51,26,24,50,20,18,6.9,15,10,1,4,15,9,0,176,14.8,972,19:04,35,38,645,477,57.5
54,Lean Bergmann\bergmle01,21,SJS,F,8,0,1,1,-5,2,-0.2,0,0,0,0,1,0,0,9,0,68,08:27,4,10,0,2,0
55,Tyler Bertuzzi\bertuty01,24,DET,LW,61,18,21,39,-23,18,3.4,15,3,0,1,12,9,0,111,16.2,1180,19:20,27,63,4,1,80
56,Alex Biega\biegaal01,31,DET,D,39,0,1,1,-11,16,0.3,0,0,0,0,1,0,0,41,0,608,15:35,38,87,0,0,
57,Jake Bischoff\bischja01,25,VEG,D,4,0,0,0,-2,4,-0.1,0,0,0,0,0,0,0,6,0,62,15:36,8,8,0,0,
58,Clark Bishop\bishocl01,23,CAR,C,5,0,1,1,-2,4,0,0,0,0,0,1,0,0,4,0,38,07:39,0,5,13,21,38.2
59,Anthony Bitetto\bitetan01,29,WPG,D,47,0,6,6,3,25,1.5,0,0,0,0,5,0,1,48,0,717,15:15,48,133,0,0,
60,Anders Bjork\bjorkan01,23,BOS,LW,52,9,9,18,7,10,1.9,8,1,0,0,9,0,0,64,14.1,677,13:02,17,38,2,1,66.7
61,Oliver Bjorkstrand\bjorkol01,24,CBJ,RW,47,19,14,33,8,12,4.5,17,2,0,5,11,3,0,154,12.3,840,17:52,16,39,5,12,29.4
62,Tobias Bjornfot\bjornto01,18,LAK,D,3,0,0,0,-4,0,-0.3,0,0,0,0,0,0,0,0,,39,12:58,0,0,0,0,
63,Nick Bjugstad\bjugsni01,27,PIT,C,10,1,0,1,2,8,0.1,1,0,0,0,0,0,0,16,6.3,132,13:14,6,19,34,50,40.5
64,Colin Blackwell\blackco01,26,NSH,C,21,2,3,5,7,8,0.6,2,0,0,0,3,0,0,22,9.1,224,10:41,18,41,36,28,56.3
65,Sammy Blais\blaissa01,23,STL,LW,29,6,4,10,-3,14,0.9,6,0,0,1,4,0,0,39,15.4,370,12:46,10,112,0,0,
66,Joseph Blandisi\blandjo01,25,PIT,C,21,2,3,5,-3,10,0.3,2,0,0,1,3,0,0,12,16.7,172,08:13,9,26,33,48,40.7
67,Joachim Blichfeld\blichjo01,21,SJS,W,3,0,0,0,-2,2,-0.1,0,0,0,0,0,0,0,3,0,38,12:46,4,3,0,0,
68,Anton Blidh\blidhan01,24,BOS,LW,5,0,0,0,1,0,-0.1,0,0,0,0,0,0,0,5,0,55,11:01,4,9,0,0,
69,Teddy Blueger\bluegte01,25,PIT,C,57,8,13,21,6,21,1.6,8,0,0,2,11,0,2,88,9.1,914,16:02,31,79,357,424,45.7
70,Mikkel Boedker\boedkmi01,30,OTT,RW,11,1,2,3,3,0,0.4,1,0,0,0,2,0,0,11,9.1,87,07:56,2,5,0,0,
71,Brock Boeser\boesebr01,22,VAN,RW,56,16,29,45,5,14,4.5,11,5,0,3,20,9,0,166,9.6,1041,18:36,13,27,11,19,36.7
72,Zach Bogosian\bogosza01,29,BUF,D,19,1,4,5,0,10,0.9,1,0,0,0,4,0,0,18,5.6,320,16:50,21,22,0,0,
73,Nick Bonino\boninni01,31,NSH,C,58,17,17,34,20,16,4.1,16,1,0,3,17,0,0,96,17.7,970,16:44,71,15,429,394,52.1
74,Adam Boqvist\boqviad01,19,CHI,D,32,4,4,8,-8,6,1,4,0,0,1,2,2,0,40,10,532,16:37,36,26,0,0,
75,Jesper Boqvist\boqvije01,21,NJD,C,34,4,0,4,-10,8,-0.2,3,1,0,0,0,0,0,41,9.8,369,10:51,15,36,5,10,33.3
76,Henrik Borgström\borgshe01,22,FLA,C,4,0,0,0,-2,2,-0.2,0,0,0,0,0,0,0,3,0,50,12:23,0,1,13,14,48.1
77,Mark Borowiecki\borowma01,30,OTT,D,53,7,11,18,1,58,3.5,6,0,1,0,11,0,0,63,11.1,951,17:56,120,199,0,0,
78,Robert Bortuzzo\borturo01,30,STL,D,35,1,4,5,11,19,1.8,1,0,0,0,4,0,0,29,3.4,463,13:13,36,48,0,0,
79,Gabriel Bourque\bourqga01,29,WPG,LW,44,2,3,5,-2,7,0,2,0,0,0,3,0,0,31,6.5,395,08:58,32,106,2,3,40
80,Jay Bouwmeester\bouwmja01,36,STL,D,56,1,8,9,6,20,2.4,1,0,0,0,7,0,1,53,1.9,1208,21:34,68,42,0,0,
81,Madison Bowey\boweyma01,24,DET,D,45,3,12,15,-13,28,2.2,3,0,0,0,11,1,0,60,5,796,17:41,51,42,0,0,
82,Johnny Boychuk\boychjo01,36,NYI,D,57,2,9,11,-9,14,1.7,1,1,0,0,9,0,0,84,2.4,1001,17:33,118,119,0,0,
83,Travis Boyd\boydtr01,26,WSH,C,23,3,7,10,9,2,1.2,3,0,0,0,6,1,0,25,12,273,11:52,9,14,50,69,42
84,Brian Boyle\boylebr01,35,FLA,C,39,6,9,15,-5,17,1,5,1,0,1,9,0,0,56,10.7,483,12:23,34,65,197,179,52.4
85,Tyler Bozak\bozakty01,33,STL,C,58,12,15,27,3,10,2.5,10,1,1,2,14,1,0,95,12.6,904,15:35,31,29,315,259,54.9
86,Erik Brannstrom\branner01,20,OTT,D,31,0,4,4,-9,16,0.1,0,0,0,0,3,1,0,38,0,460,14:51,36,15,0,0,
87,Derick Brassard\brassde01,32,NYI,C,58,10,19,29,3,16,2.8,7,3,0,1,13,6,0,104,9.6,806,13:54,22,99,189,154,55.1
88,Jesper Bratt\brattje01,21,NJD,W,50,11,13,24,-7,6,2.2,11,0,0,1,11,2,0,80,13.8,698,13:57,13,22,1,6,14.3
89,Justin Braun\braunju01,32,PHI,D,53,3,13,16,-2,12,2.6,3,0,0,0,12,1,0,63,4.8,918,17:20,70,80,0,0,
90,T.J. Brodie\broditj01,29,CGY,D,55,1,15,16,6,30,3.5,1,0,0,0,14,1,0,54,1.9,1114,20:15,72,17,0,0,
91,Jonas Brodin\brodijo01,26,MIN,D,58,2,22,24,13,16,4.6,2,0,0,0,19,1,2,85,2.4,1241,21:24,91,34,0,0,
92,Jonny Brodzinski\brodzjo01,26,SJS,C,3,0,1,1,0,0,0.1,0,0,0,0,1,0,0,5,0,22,07:24,0,3,0,1,0
93,Adam Brooks\brookad01,23,TOR,C,7,0,3,3,1,0,0.2,0,0,0,0,3,0,0,2,0,55,07:51,1,0,5,5,50
94,Troy Brouwer\brouwtr01,34,STL,RW,13,1,0,1,1,7,0,1,0,0,0,0,0,0,12,8.3,123,09:28,6,24,1,1,50
95,Connor Brown\brownco02,26,OTT,RW,59,11,25,36,-5,24,2.7,9,2,0,1,22,1,2,139,7.9,1194,20:15,33,33,23,23,50
96,Dustin Brown\browndu01,35,LAK,RW,55,10,15,25,-8,16,1.8,9,1,0,0,12,3,0,131,7.6,999,18:10,13,112,6,7,46.2
97,Josh Brown\brownjo01,26,FLA,D,52,3,5,8,3,39,1.5,3,0,0,1,5,0,0,44,6.8,702,13:30,52,71,0,0,
98,Logan Brown\brownlo01,21,OTT,C,23,1,7,8,0,4,0.5,0,1,0,1,5,2,0,23,4.3,270,11:45,11,13,55,79,41
99,Pavel Buchnevich\buchnpa01,24,NYR,LW,58,13,22,35,-1,20,3,10,3,0,1,18,4,0,119,10.9,964,16:38,21,71,4,16,20
100,Connor Bunnaman\bunnaco01,21,PHI,F,18,1,1,2,5,2,0.2,1,0,0,0,1,0,0,16,6.3,165,09:09,1,25,31,50,38.3
101,Andre Burakovsky\burakan01,24,COL,LW,55,19,25,44,10,20,5.2,17,2,0,5,16,9,0,97,19.6,829,15:04,32,25,5,9,35.7
102,Brent Burns\burnsbr01,34,SJS,D,59,12,29,41,-21,30,5.8,7,5,0,1,19,9,1,183,6.6,1474,00:59,91,61,0,0,
103,Will Butcher\butchwi01,25,NJD,D,55,4,17,21,-8,6,2.9,4,0,0,1,16,1,0,62,6.5,1002,18:13,74,31,0,0,
104,Paul Byron\byronpa01,30,MTL,C,19,1,3,4,3,4,0.2,1,0,0,0,3,0,0,11,9.1,261,13:44,11,28,0,2,0
105,Nicholas Caamano\caamani01,21,DAL,RW,12,1,1,2,2,4,0.2,1,0,0,0,1,0,0,13,7.7,120,09:58,3,17,1,1,50
106,Drake Caggiula\caggidr01,25,CHI,LW,30,6,5,11,-5,21,0.9,5,1,0,0,4,0,1,41,14.6,357,11:53,14,55,4,6,40
107,Matt Calvert\calvema01,30,COL,LW,50,12,13,25,13,39,2.9,9,0,3,1,12,0,1,89,13.5,705,14:05,22,58,12,14,46.2
108,Kyle Capobianco\capobky01,22,ARI,D,9,1,0,1,-1,2,0.3,1,0,0,0,0,0,0,10,10,133,14:46,10,14,0,0,
109,Paul Carey\careypa01,31,BOS,C,1,0,0,0,-1,0,0,0,0,0,0,0,0,0,0,,6,06:22,1,0,0,0,
110,Brandon Carlo\carlobr01,23,BOS,D,59,4,13,17,19,31,4.6,4,0,0,0,13,0,0,96,4.2,1217,20:38,66,118,0,0,
111,John Carlson\carlsjo01,30,WSH,D,59,15,55,70,14,20,10.4,13,2,0,6,33,22,0,164,9.1,1457,00:42,89,47,0,1,0
112,Gabriel Carlsson\carlsga01,23,CBJ,D,6,0,0,0,-1,2,0,0,0,0,0,0,0,0,3,0,65,10:53,0,5,0,0,
113,Ryan Carpenter\carpery01,29,CHI,C,58,3,12,15,-4,24,0.2,2,0,1,0,10,0,2,70,4.3,826,14:14,42,101,239,311,43.5
114,Daniel Carr\carrda01,28,NSH,LW,11,1,0,1,-5,4,-0.2,1,0,0,0,0,0,0,14,7.1,114,10:20,2,10,0,1,0
115,Connor Carrick\carrico01,25,NJD,D,18,0,4,4,-3,13,0.4,0,0,0,0,4,0,0,10,0,248,13:47,27,17,0,0,
116,Sam Carrick\carrisa01,27,ANA,C,9,1,1,2,-3,0,0,0,0,1,0,1,0,0,16,6.3,124,13:46,8,13,33,39,45.8
117,Trevor Carrick\carritr01,25,SJS,D,3,0,0,0,0,5,0,0,0,0,0,0,0,0,1,0,17,05:47,0,1,0,0,
118,Alexandre Carrier\carrial01,23,NSH,D,3,0,0,0,2,2,0.2,0,0,0,0,0,0,0,4,0,32,10:47,0,3,0,0,
119,William Carrier\carriwi01,25,VEG,LW,61,6,11,17,1,33,1.4,6,0,0,1,11,0,0,86,7,590,09:41,10,187,7,4,63.6
120,Jeff Carter\carteje01,35,LAK,C,59,17,9,26,-21,36,2.1,14,3,0,7,7,2,0,180,9.4,999,16:56,23,65,379,360,51.3
121,Colby Cave\caveco01,25,EDM,C,9,1,0,1,-2,4,0,1,0,0,0,0,0,0,5,20,93,10:22,2,16,30,36,45.5
122,Cody Ceci\cecico01,26,TOR,D,54,1,7,8,8,20,1.8,1,0,0,1,7,0,0,47,2.1,1115,20:38,75,88,0,0,
123,Peter Cehlarik\cehlape01,24,BOS,LW,3,0,1,1,-1,2,0,0,0,0,0,1,0,0,0,,34,11:16,2,2,1,1,50
124,Erik Cernak\cernaer01,22,TBL,D,57,5,6,11,9,41,2.9,5,0,0,1,6,0,0,115,4.3,1083,19:00,84,146,0,0,
125,Thomas Chabot\chaboth01,23,OTT,D,59,5,28,33,-25,36,3.4,5,0,0,0,17,11,0,156,3.2,1538,02:04,74,65,0,0,
126,Michael Chaput\chapumi01,27,ARI,C,2,0,0,0,-2,2,-0.1,0,0,0,0,0,0,0,2,0,20,10:01,2,3,7,6,53.8
127,Zdeno Chara\charazd01,42,BOS,D,58,5,8,13,24,49,4.6,5,0,0,2,8,0,0,74,6.8,1219,21:01,81,69,0,0,
128,Ben Chiarot\chiarbe01,28,MTL,D,59,7,11,18,7,37,4.3,7,0,0,2,11,0,0,116,6,1381,23:25,112,129,0,0,
129,Alex Chiasson\chiasal01,29,EDM,RW,53,8,12,20,-4,38,1.7,3,5,0,2,5,7,0,85,9.4,683,12:53,12,47,0,4,0
130,Andrei Chibisov\chibian01,26,WPG,F,1,0,0,0,0,0,0,0,0,0,0,0,0,0,1,0,8,08:03,1,1,0,0,
131,Filip Chlapik\chlapfi01,22,OTT,C,30,2,3,5,-8,10,0,2,0,0,1,3,0,0,25,8,259,08:37,11,70,12,14,46.2
132,Dennis Cholowski\cholode01,21,DET,D,33,2,6,8,-23,4,0.4,1,1,0,1,2,4,0,48,4.2,651,19:43,34,15,0,0,
133,Jakob Chychrun\chychja01,21,ARI,D,62,12,14,26,4,36,6.1,7,5,0,2,11,3,0,143,8.4,1394,22:29,95,75,0,0,
134,Filip Chytil\chytifi01,20,NYR,C,49,12,8,20,-2,8,1.8,11,1,0,2,7,1,0,101,11.9,741,15:07,26,9,156,259,37.6
135,Anthony Cirelli\cirelan01,22,TBL,C,58,14,26,40,26,26,4.4,13,1,0,3,22,3,1,97,14.4,1062,18:19,40,73,367,401,47.8
136,Casey Cizikas\cizikca01,28,NYI,C,48,10,4,14,12,41,1.8,7,0,3,1,2,0,2,67,14.9,686,14:18,39,133,368,320,53.5
137,Kale Clague\claguka01,21,LAK,D,4,0,0,0,-3,2,-0.1,0,0,0,0,0,0,0,2,0,58,14:34,4,1,0,0,
138,Kyle Clifford\cliffky01,29,TOT,LW,59,6,9,15,-6,56,0.9,6,0,0,0,9,0,0,97,6.2,676,11:28,12,105,6,3,66.7
138,Kyle Clifford\cliffky01,29,LAK,LW,53,6,8,14,-6,45,0.9,6,0,0,0,8,0,0,89,6.7,619,11:41,12,90,6,3,66.7
138,Kyle Clifford\cliffky01,29,TOR,LW,6,0,1,1,0,11,0,0,0,0,0,1,0,0,8,0,57,09:28,0,15,0,0,
139,Connor Clifton\cliftco01,24,BOS,D,30,2,0,2,4,12,1.1,2,0,0,0,0,0,0,20,10,434,14:29,32,85,0,0,
140,Cal Clutterbuck\cluttca01,32,NYI,RW,33,3,4,7,7,20,0.5,2,0,1,0,3,0,1,34,8.8,460,13:57,36,116,4,5,44.4
141,Braydon Coburn\coburbr01,34,TBL,D,31,1,1,2,8,12,1.1,1,0,0,0,1,0,0,33,3,425,13:43,22,50,0,0,
142,Andrew Cogliano\coglian01,32,DAL,LW,58,2,11,13,2,26,0.6,2,0,0,0,11,0,0,57,3.5,723,12:28,24,71,13,16,44.8
143,Ian Cole\coleia01,30,COL,D,53,4,20,24,28,30,5,4,0,0,1,20,0,0,72,5.6,938,17:42,106,70,0,0,
144,Blake Coleman\colembl01,28,NJD,C,57,21,10,31,-2,40,3.6,17,1,3,2,7,2,1,182,11.5,971,17:02,40,166,46,98,31.9
145,Blake Comeau\comeabl01,33,DAL,RW,45,8,8,16,-5,32,1.3,7,0,1,2,7,0,1,64,12.5,675,15:01,20,87,40,46,46.5
146,J.T. Compher\comphj.01,24,COL,LW,55,8,17,25,9,16,2,7,1,0,0,12,2,3,85,9.4,870,15:49,47,33,260,282,48
147,Max Comtois\comtoma01,21,ANA,LW,29,5,6,11,-4,24,0.9,3,2,0,0,5,1,0,32,15.6,405,13:58,8,61,3,13,18.8
148,Cory Conacher\conacco01,30,TBL,LW,4,0,1,1,-2,4,-0.1,0,0,0,0,1,0,0,5,0,44,11:05,1,3,0,0,
149,Kevin Connauton\connake01,29,COL,D,1,0,0,0,0,0,0,0,0,0,0,0,0,0,2,0,17,17:14,1,3,0,0,
150,Brett Connolly\connobr01,27,FLA,RW,59,18,13,31,-4,24,3.1,14,4,0,2,11,2,0,103,17.5,880,14:55,15,51,6,11,35.3
151,Kyle Connor\connoky01,23,WPG,LW,60,29,31,60,-1,30,6.7,20,8,1,6,24,7,0,197,14.7,1261,21:01,13,16,2,10,16.7
152,Andrew Copp\coppan01,25,WPG,C,52,10,12,22,1,10,1.7,9,1,0,5,10,0,2,107,9.3,912,17:32,24,55,229,205,52.8
153,Nick Cousins\cousini01,26,MTL,C,55,9,12,21,0,21,1.9,7,2,0,0,10,2,0,102,8.8,739,13:26,28,76,13,22,37.1
154,Logan Couture\coutulo01,30,SJS,C,45,14,22,36,-1,18,3.8,14,0,0,2,12,8,2,110,12.7,842,18:42,37,48,165,212,43.8
155,Sean Couturier\coutuse01,27,PHI,C,59,17,35,52,19,26,5.8,14,3,0,2,27,8,0,158,10.8,1179,19:59,23,51,466,319,59.4
156,Charlie Coyle\coylech01,27,BOS,C,60,14,19,33,10,14,3.5,12,0,2,3,15,4,0,125,11.2,990,16:30,30,78,274,299,47.8
157,Sidney Crosby\crosbsi01,32,PIT,C,29,11,25,36,-2,13,3.6,8,3,0,3,16,9,0,74,14.9,591,20:22,11,27,344,287,54.5
158,Lawson Crouse\crousla01,22,ARI,LW,58,14,9,23,3,26,2.8,13,0,1,2,9,0,0,94,14.9,799,13:47,25,177,21,22,48.8
159,Austin Czarnik\czarnau01,27,CGY,C,8,2,1,3,1,0,0.4,1,1,0,0,1,0,0,9,22.2,82,10:11,2,1,2,4,33.3
160,Kirby Dach\dachki01,19,CHI,C,53,8,11,19,-1,16,1.4,8,0,0,2,9,2,0,85,9.4,743,14:01,20,27,51,104,32.9
161,Evgenii Dadonov\dadonev01,30,FLA,RW,59,24,19,43,-2,8,4.7,14,10,0,2,15,4,0,144,16.7,1007,17:04,21,25,0,0,
162,Rasmus Dahlin\dahlira01,19,BUF,D,49,4,31,35,1,34,4.9,2,2,0,1,17,14,0,79,5.1,931,18:59,37,56,0,0,
163,Carl Dahlstrom\dahlsca01,25,WPG,D,15,0,1,1,-4,6,0,0,0,0,0,1,0,0,9,0,221,14:46,13,5,0,0,
164,Michael Dal Colle\dalcomi01,23,NYI,LW,44,4,6,10,-5,10,0.4,4,0,0,0,6,0,0,43,9.3,506,11:30,18,65,5,2,71.4
165,Trevor Daley\daleytr01,36,DET,D,34,0,6,6,-19,16,0.1,0,0,0,0,4,2,0,31,0,546,16:03,35,9,0,0,
166,Phillip Danault\danauph01,26,MTL,LW,61,12,28,40,13,28,3.9,11,1,0,1,25,3,0,111,10.8,1150,18:52,30,107,631,523,54.7
167,Marko Daňo\danoma01,25,CBJ,C,3,0,0,0,-1,2,-0.1,0,0,0,0,0,0,0,2,0,22,07:10,3,5,0,0,
168,Brandon Davidson\davidbr01,28,CGY,D,7,0,0,0,-2,0,-0.1,0,0,0,0,0,0,0,13,0,86,12:16,15,10,0,0,
169,Jonathan Davidsson\davidjo03,22,OTT,RW,6,0,1,1,0,0,0,0,0,0,0,1,0,0,3,0,33,05:31,1,5,0,0,
170,Calvin de Haan\dehaaca01,28,CHI,D,29,1,5,6,10,10,1.9,1,0,0,0,5,0,0,42,2.4,577,19:55,73,93,0,0,
171,Jacob de La Rose\delarja01,24,TOT,LW,48,2,7,9,1,8,0.4,2,0,0,0,7,0,0,46,4.3,514,10:43,16,110,117,155,43
171,Jacob de La Rose\delarja01,24,STL,LW,32,1,4,5,-2,4,0,1,0,0,0,4,0,0,31,3.2,319,09:58,7,78,62,79,44
171,Jacob de La Rose\delarja01,24,DET,LW,16,1,3,4,3,4,0.4,1,0,0,0,3,0,0,15,6.7,196,12:13,9,32,55,76,42
172,Chase De Leo\deleoch01,24,ANA,C,1,0,0,0,0,0,0,0,0,0,0,0,0,0,1,0,15,14:59,0,1,0,1,0
173,Jean-Sebastien Dea\deaje01,25,BUF,C,3,0,0,0,0,0,0,0,0,0,0,0,0,0,0,,23,07:38,0,3,1,1,50
174,Anthony DeAngelo\deangan01,24,NYR,D,56,13,30,43,12,43,7.3,10,3,0,3,19,11,0,115,11.3,1065,19:01,45,42,0,0,
175,Alex DeBrincat\debrial01,22,CHI,RW,59,14,23,37,-11,13,2.9,5,9,0,2,20,3,0,167,8.4,1031,17:29,17,55,6,10,37.5
176,Jake Debrusk\debruja01,23,BOS,LW,55,18,16,34,3,14,3.9,11,7,0,4,13,3,0,136,13.2,889,16:10,14,26,8,16,33.3
177,Danny DeKeyser\dekeyda01,29,DET,D,8,0,4,4,0,4,0.7,0,0,0,0,4,0,0,12,0,176,22:04,18,6,0,0,
178,Michael Del Zotto\delzomi01,29,ANA,D,37,2,9,11,4,14,2.4,2,0,0,0,8,1,0,42,4.8,671,18:08,47,80,0,0,
179,Dylan DeMelo\demeldy01,26,OTT,D,49,0,10,10,3,31,2.1,0,0,0,0,8,0,2,64,0,976,19:55,63,94,0,0,
180,Jason Demers\demerja01,31,ARI,D,46,0,9,9,4,23,2.5,0,0,0,0,8,0,1,49,0,954,20:45,67,68,0,0,
181,Travis Dermott\dermotr01,23,TOR,D,46,4,5,9,10,33,2.3,4,0,0,1,5,0,0,54,7.4,758,16:29,45,61,0,0,
182,Nicolas Deslauriers\deslani01,28,ANA,LW,47,3,5,8,-4,82,0.3,3,0,0,0,5,0,0,50,6,454,09:40,20,111,0,0,
183,Phillip Di Giuseppe\digiuph01,26,NYR,LW,8,0,2,2,-1,0,0,0,0,0,0,2,0,0,15,0,88,10:57,5,17,0,1,0
184,Thomas Di Pauli\dipauth01,25,PIT,C,2,0,0,0,-3,10,-0.1,0,0,0,0,0,0,0,2,0,12,05:59,1,4,0,0,
185,Jason Dickinson\dickija01,24,DAL,C,55,8,10,18,5,6,1.7,8,0,0,1,9,0,1,73,11,811,14:45,47,73,157,195,44.6
186,Brenden Dillon\dillobr01,29,SJS,D,59,1,13,14,0,83,3.1,1,0,0,0,12,0,1,48,2.1,1142,19:22,67,178,0,0,
187,Christian Djoos\djoosch01,25,WSH,D,2,0,0,0,1,0,0.1,0,0,0,0,0,0,0,1,0,18,08:57,0,0,0,0,
188,Noah Dobson\dobsono01,20,NYI,D,30,1,4,5,-3,6,0.8,1,0,0,0,3,1,0,33,3,403,13:26,27,21,0,0,
189,Max Domi\domima01,24,MTL,LW,61,13,24,37,-1,29,3.4,12,1,0,2,14,10,0,151,8.6,1047,17:09,11,28,337,343,49.6
190,Ryan Donato\donatry01,23,MIN,C,52,11,7,18,5,12,2.2,11,0,0,0,5,2,0,80,13.8,551,10:35,10,38,40,60,40
191,Joonas Donskoi\donskjo01,27,COL,RW,53,14,16,30,1,22,2.8,10,4,0,1,15,1,0,94,14.9,877,16:33,31,19,9,8,52.9
192,Drew Doughty\doughdr01,30,LAK,D,56,6,22,28,-15,22,4.3,2,4,0,2,14,7,1,118,5.1,1449,01:52,78,97,0,0,
193,Nic Dowd\dowdni01,29,WSH,C,46,5,5,10,7,24,0.9,3,0,2,1,5,0,0,40,12.5,494,10:44,21,90,223,217,50.7
194,Justin Dowling\dowliju01,29,DAL,C,27,3,3,6,-2,8,0.4,3,0,0,1,3,0,0,29,10.3,302,11:11,12,25,41,52,44.1
195,Leon Draisaitl\draisle01,24,EDM,C,59,34,61,95,-10,14,10.7,23,11,0,10,34,27,0,180,18.9,1330,22:33,19,23,518,500,50.9
196,Sheldon Dries\driessh01,25,COL,C,1,0,0,0,-1,0,-0.1,0,0,0,0,0,0,0,0,,10,10:02,2,7,0,0,
197,Jonathan Drouin\drouijo01,24,MTL,LW,23,7,8,15,-1,12,1.6,6,1,0,1,5,3,0,48,14.6,370,16:05,4,25,4,8,33.3
198,Dillon Dube\dubedi01,21,CGY,C,36,5,10,15,4,4,1.5,5,0,0,2,9,1,0,52,9.6,456,12:40,9,44,0,1,0
199,Pierre-Luc Dubois\duboipi01,21,CBJ,LW,60,17,27,44,5,45,5,16,1,0,4,19,8,0,133,12.8,1066,17:46,44,72,299,358,45.5
200,Matt Duchene\duchema01,29,NSH,C,55,12,26,38,-2,20,3.2,8,4,0,1,21,5,0,124,9.7,938,17:04,15,38,327,261,55.6
201,Anthony Duclair\duclaan01,24,OTT,LW,58,21,14,35,-8,16,3.9,15,5,1,2,11,3,0,164,12.8,946,16:19,32,50,2,2,50
202,Mathew Dumba\dumbama01,25,MIN,D,58,4,16,20,-8,37,2.9,4,0,0,1,8,7,1,143,2.8,1309,22:34,78,78,0,0,
203,Gabriel Dumont\dumonga01,29,MIN,C,3,0,0,0,-1,0,-0.1,0,0,0,0,0,0,0,3,0,35,11:30,2,9,6,9,40
204,Brian Dumoulin\dumoubr01,28,PIT,D,23,1,6,7,17,8,2.5,0,0,1,0,5,1,0,33,3,484,21:04,27,39,0,0,
205,Vince Dunn\dunnvi02,23,STL,D,59,7,11,18,10,18,4,4,3,0,1,6,5,0,118,5.9,962,16:18,37,43,0,0,
206,Christian Dvorak\dvorach01,23,ARI,C,62,18,19,37,6,12,4.4,12,6,0,2,15,4,0,123,14.6,1034,16:41,32,36,457,366,55.5
207,Ryan Dzingel\dzingry01,27,CAR,C,57,8,21,29,4,23,2.4,4,4,0,1,16,5,0,93,8.6,826,14:29,23,32,9,20,31
208,Cody Eakin\eakinco01,28,VEG,C,40,4,5,9,-10,14,0,4,0,0,0,4,1,0,50,8,584,14:36,14,38,250,277,47.4
209,Jordan Eberle\eberljo01,29,NYI,RW,48,10,20,30,0,12,2.7,8,2,0,0,14,6,0,106,9.4,825,17:11,32,27,0,6,0
210,Alexander Edler\edleral01,33,VAN,D,49,4,19,23,5,56,4.1,3,1,0,1,13,6,0,96,4.2,1112,22:42,135,91,0,0,
211,Joel Edmundson\edmunjo01,26,CAR,D,58,5,11,16,5,63,3.3,5,0,0,0,11,0,0,77,6.5,1051,18:08,73,96,0,0,
212,Nikolaj Ehlers\ehlerni01,23,WPG,LW,60,20,25,45,7,30,5,16,3,1,3,24,1,0,171,11.7,1000,16:40,24,31,0,2,0
213,Christoffer Ehn\ehnch01,23,DET,C,48,1,2,3,-21,2,-1,1,0,0,0,2,0,0,33,3,500,10:25,18,49,83,118,41.3
214,Jack Eichel\eicheja01,23,BUF,C,58,33,41,74,14,34,9.4,24,8,1,8,26,15,0,198,16.7,1281,22:05,38,36,556,621,47.2
215,Aaron Ekblad\ekblaaa01,23,FLA,D,57,5,29,34,7,22,4.8,5,0,0,1,24,4,1,132,3.8,1305,22:54,72,30,0,0,
216,Mattias Ekholm\ekholma01,29,NSH,D,57,7,24,31,3,30,4.4,6,0,1,2,18,5,1,125,5.6,1343,23:34,87,45,0,0,
217,Oliver Ekman-Larsson\ekmanol01,28,ARI,D,58,7,17,24,-6,36,4.5,5,2,0,1,12,5,0,118,5.9,1328,22:54,58,112,0,0,
218,Lars Eller\ellerla01,30,WSH,C,59,14,21,35,2,40,3.3,11,2,1,1,16,4,1,134,10.4,1013,17:10,37,50,463,428,52
219,Ryan Ellis\ellisry01,29,NSH,D,39,6,22,28,15,13,4.8,6,0,0,2,16,6,0,90,6.7,913,23:24,72,39,0,0,
220,Deryk Engelland\engelde01,37,VEG,D,49,1,5,6,6,37,1.8,1,0,0,1,4,0,1,59,1.7,860,17:33,86,114,0,0,
221,Andreas Englund\engluan01,24,OTT,D,12,0,2,2,-5,12,-0.1,0,0,0,0,2,0,0,5,0,126,10:30,8,28,0,0,
222,Pierre Engvall\engvapi01,23,TOR,LW,38,7,7,14,5,6,1.4,6,0,1,3,6,0,1,60,11.7,459,12:05,6,23,39,62,38.6
223,Tyler Ennis\ennisty01,30,OTT,C,59,14,17,31,-5,16,3,9,5,0,1,13,4,0,133,10.5,872,14:46,22,71,6,8,42.9
224,Jonathan Ericsson\ericsjo01,35,DET,D,11,0,0,0,-8,0,-0.3,0,0,0,0,0,0,0,13,0,174,15:52,6,16,0,0,
225,Loui Eriksson\erikslo01,34,VAN,LW,40,5,5,10,1,12,0.7,5,0,0,0,5,0,0,45,11.1,492,12:18,14,6,1,0,100
226,Joel Eriksson Ek\eriksjo02,23,MIN,C,51,7,18,25,4,16,2,6,1,0,3,17,0,1,83,8.4,791,15:31,36,82,287,354,44.8
227,Adam Erne\ernead01,24,DET,LW,51,2,2,4,-21,26,-0.9,2,0,0,0,2,0,0,59,3.4,610,11:58,24,131,19,13,59.4
228,Jake Evans\evansja02,23,MTL,C,6,1,0,1,2,0,0.2,1,0,0,0,0,0,0,5,20,58,09:40,3,7,4,6,40
229,Robby Fabbri\fabbrro01,24,TOT,C,52,12,16,28,-29,12,1.9,7,5,0,2,13,3,0,89,13.5,821,15:47,13,56,15,27,35.7
229,Robby Fabbri\fabbrro01,24,DET,C,43,11,16,27,-25,10,2,6,5,0,2,13,3,0,82,13.4,733,17:03,12,44,14,27,34.1
229,Robby Fabbri\fabbrro01,24,STL,C,9,1,0,1,-4,2,-0.1,1,0,0,0,0,0,0,7,14.3,87,09:42,1,12,1,0,100
230,Dante Fabbro\fabbrda01,21,NSH,D,53,5,6,11,-3,34,1.6,4,1,0,0,6,0,0,80,6.3,1030,19:26,76,44,0,0,
231,Radek Faksa\faksara01,26,DAL,C,56,10,9,19,-7,38,1.4,8,2,0,3,9,0,0,94,10.6,898,16:02,40,68,350,346,50.3
232,Oscar Fantenberg\fanteos01,28,VAN,D,27,1,3,4,-4,6,0.6,1,0,0,0,2,1,0,37,2.7,427,15:49,46,48,0,0,
233,Joel Farabee\farabjo01,19,PHI,LW,46,7,11,18,4,39,1.6,6,1,0,1,10,1,0,72,9.7,654,14:13,16,28,3,7,30
234,Jesper Fast\fastje01,28,NYR,RW,57,8,16,24,13,16,2,6,0,2,0,16,0,0,65,12.3,937,16:26,41,99,7,15,31.8
235,Justin Faulk\faulkju01,27,STL,D,59,4,10,14,-11,26,1.9,3,1,0,1,7,2,1,119,3.4,1218,20:38,62,63,0,0,
236,Taylor Fedun\fedunta01,31,DAL,D,27,2,7,9,3,8,1.9,2,0,0,0,7,0,0,40,5,371,13:45,19,16,0,0,
237,Martin Fehervary\feherma01,20,WSH,D,6,0,1,1,-2,6,0,0,0,0,0,1,0,0,7,0,96,15:59,2,14,0,0,
238,Micheal Ferland\ferlami01,27,VAN,LW,14,1,4,5,-3,7,0.3,1,0,0,0,4,0,0,15,6.7,137,09:48,2,40,2,0,100
239,Mario Ferraro\ferrama01,21,SJS,D,53,1,6,7,-15,20,0.8,1,0,0,0,5,0,1,48,2.1,805,15:11,44,96,0,0,
240,Kevin Fiala\fialake01,23,MIN,LW,53,14,24,38,-1,38,3.9,9,5,0,1,16,8,0,130,10.8,789,14:54,15,23,2,7,22.2
241,Valtteri Filppula\filppva01,35,DET,C,60,5,14,19,-40,22,-0.3,4,0,1,0,10,4,0,56,8.9,992,16:32,23,25,272,342,44.3
242,Christian Fischer\fischch01,22,ARI,RW,53,5,3,8,4,16,0.6,5,0,0,1,3,0,0,81,6.2,589,11:07,21,133,3,7,30
243,Cale Fleury\fleurca01,21,MTL,D,41,1,0,1,-4,6,0.4,1,0,0,0,0,0,0,45,2.2,588,14:21,45,102,0,0,
244,Haydn Fleury\fleurha01,23,CAR,D,35,3,7,10,-5,6,1.3,3,0,0,0,6,0,1,47,6.4,434,12:23,34,36,0,0,
245,Warren Foegele\foegewa01,23,CAR,LW,58,11,15,26,9,26,2.7,8,0,3,1,15,0,0,114,9.6,807,13:55,15,56,17,19,47.2
246,Steven Fogarty\fogarst01,26,NYR,C,6,0,0,0,-1,0,-0.1,0,0,0,0,0,0,0,2,0,33,05:26,3,4,3,1,75
247,Marcus Foligno\foligma01,28,MIN,LW,48,9,12,21,8,24,2.1,9,0,0,0,12,0,0,70,12.9,699,14:34,26,154,7,12,36.8
248,Nick Foligno\foligni01,32,CBJ,LW,57,6,18,24,-1,56,1.6,4,2,0,1,15,2,1,114,5.3,1041,18:15,42,184,132,135,49.4
249,Christian Folin\folinch01,28,MTL,D,7,1,1,2,1,2,0.5,1,0,0,0,1,0,0,4,25,105,15:02,10,18,0,0,
250,Derek Forbort\forbode01,27,LAK,D,9,0,1,1,-2,2,0.2,0,0,0,0,1,0,0,9,0,149,16:32,10,19,0,0,
251,Filip Forsberg\forsbfi01,25,NSH,C,52,18,22,40,-5,25,4,13,5,0,0,16,6,0,164,11,900,17:19,13,69,1,2,33.3
252,Liam Foudy\foudyli01,19,CBJ,C,2,0,1,1,1,0,0.1,0,0,0,0,1,0,0,3,0,28,14:13,0,3,0,0,
253,Cam Fowler\fowleca01,28,ANA,D,59,9,20,29,0,20,5.3,7,2,0,2,14,6,0,117,7.7,1297,21:59,58,25,0,0,
254,Adam Fox\foxad01,21,NYR,D,58,6,25,31,14,20,5.6,5,1,0,3,13,12,0,107,5.6,1078,18:35,75,27,0,0,
255,Trent Frederic\fredetr01,21,BOS,C,2,0,0,0,-1,0,-0.1,0,0,0,0,0,0,0,1,0,13,06:26,0,8,0,0,
256,Mark Friedman\friedma01,24,PHI,D,5,0,1,1,1,2,0.2,0,0,0,0,1,0,0,1,0,65,13:01,4,4,0,0,
257,Martin Frk\frkma01,26,LAK,RW,6,3,1,4,0,2,0.6,2,1,0,0,1,0,0,9,33.3,79,13:11,1,3,0,0,
258,Michael Frolik\frolimi01,31,TOT,LW,53,6,6,12,-13,28,0.3,4,0,2,1,5,0,1,67,9,660,12:28,21,28,6,15,28.6
258,Michael Frolik\frolimi01,31,CGY,LW,38,5,5,10,-10,24,0.5,4,0,1,1,4,0,1,44,11.4,453,11:56,11,19,1,8,11.1
258,Michael Frolik\frolimi01,31,BUF,LW,15,1,1,2,-3,4,-0.2,0,0,1,0,1,0,0,23,4.3,207,13:49,10,9,5,7,41.7
259,Morgan Frost\frostmo01,20,PHI,C,20,2,5,7,-3,4,0.3,1,0,1,0,5,0,0,31,6.5,274,13:41,4,4,44,49,47.3
260,Sam Gagner\gagnesa01,30,EDM,C,33,4,7,11,-8,10,0.6,4,0,0,0,6,1,0,62,6.5,431,13:03,9,18,41,46,47.1
261,Alex Galchenyuk\galchal01,25,TOT,C,48,5,12,17,-7,10,1,3,2,0,0,8,4,0,67,7.5,556,11:35,9,34,17,7,70.8
261,Alex Galchenyuk\galchal01,25,PIT,C,45,5,12,17,-7,10,1.1,3,2,0,0,8,4,0,65,7.7,517,11:29,9,32,7,5,58.3
261,Alex Galchenyuk\galchal01,25,MIN,C,3,0,0,0,0,0,-0.1,0,0,0,0,0,0,0,2,0,40,13:11,0,2,10,2,83.3
262,Brendan Gallagher\gallabr01,27,MTL,RW,51,19,18,37,3,20,4.5,18,1,0,1,14,4,0,199,9.5,864,16:57,28,44,12,16,42.9
263,Dylan Gambrell\gambrdy01,23,SJS,C,39,4,6,10,-7,15,0.5,4,0,0,1,5,1,0,27,14.8,424,10:52,24,25,122,135,47.5
264,Jake Gardiner\gardija01,29,CAR,D,58,3,15,18,-21,30,1.3,3,0,0,1,8,7,0,72,4.2,978,16:52,35,40,0,0,
265,Rhett Gardner\gardnrh01,23,DAL,C,8,0,0,0,0,2,-0.1,0,0,0,0,0,0,0,8,0,81,10:08,2,8,25,28,47.2
266,Conor Garland\garlaco01,23,ARI,RW,61,20,15,35,0,18,4.4,17,3,0,5,10,5,0,147,13.6,861,14:07,20,24,1,4,20
267,Adam Gaudette\gaudead01,23,VAN,C,49,10,17,27,-8,33,2.3,6,4,0,1,10,7,0,63,15.9,610,12:26,15,27,148,225,39.7
268,Johnny Gaudreau\gaudrjo01,26,CGY,LW,61,14,36,50,-12,12,4.3,10,4,0,1,24,12,0,181,7.7,1150,18:51,9,1,1,3,25
269,Brendan Gaunce\gauncbr01,25,BOS,C,1,0,1,1,1,2,0.1,0,0,0,0,1,0,0,0,,9,09:10,0,2,0,1,0
270,Cameron Gaunce\gauncca01,29,TBL,D,2,1,1,2,1,2,0.4,1,0,0,0,1,0,0,3,33.3,21,10:42,0,4,0,0,
271,Frederik Gauthier\gauthfr01,24,TOR,C,51,6,4,10,-2,10,0.6,6,0,0,0,4,0,0,36,16.7,472,09:15,20,51,184,136,57.5
272,Julien Gauthier\gauthju01,22,CAR,RW,5,0,1,1,2,6,0.1,0,0,0,0,1,0,0,1,0,37,07:24,0,4,1,1,50
273,Vladislav Gavrikov\gavrivl01,24,CBJ,D,59,5,8,13,6,18,3.9,5,0,0,1,8,0,0,68,7.4,1094,18:33,72,65,0,0,
274,Nathan Gerbe\gerbena01,32,CBJ,C,24,4,5,9,-3,20,0.8,4,0,0,0,5,0,0,41,9.8,317,13:12,6,37,3,2,60
275,Timothy Gettinger\gettiti01,21,NYR,LW,2,0,1,1,1,0,0.1,0,0,0,0,1,0,0,3,0,17,08:23,1,5,0,2,0
276,Ryan Getzlaf\getzlry01,34,ANA,C,57,12,26,38,-14,41,3,10,2,0,5,21,5,0,123,9.8,1074,18:51,52,96,431,413,51.1
277,Brian Gibbons\gibbobr02,31,CAR,C,15,0,0,0,-7,4,-0.5,0,0,0,0,0,0,0,9,0,146,09:46,9,7,0,0,
278,Dennis Gilbert\gilbede01,23,CHI,D,20,1,2,3,-8,38,0,1,0,0,0,2,0,0,12,8.3,316,15:49,33,72,0,0,
279,John Gilmour\gilmojo01,26,BUF,D,4,0,0,0,-2,0,-0.1,0,0,0,0,0,0,0,5,0,68,17:03,3,3,0,0,
280,Mark Giordano\giordma01,36,CGY,D,54,5,22,27,2,32,5,3,2,0,0,12,8,2,143,3.5,1293,23:57,136,37,0,0,
281,Samuel Girard\girarsa01,21,COL,D,58,3,26,29,-4,15,3,2,1,0,0,16,10,0,80,3.8,1236,21:18,79,39,0,0,
282,Zemgus Girgensons\girgeze01,26,BUF,C,59,10,5,15,-1,10,1.2,9,0,1,1,5,0,0,75,13.3,808,13:42,16,92,30,41,42.3
283,Claude Giroux\giroucl01,32,PHI,C,59,16,28,44,6,28,4.4,10,5,1,4,16,11,1,162,9.9,1135,19:14,15,42,601,419,58.9
284,Cody Glass\glassco01,20,VEG,C,39,5,7,12,-7,6,0.6,4,1,0,1,2,5,0,51,9.8,521,13:22,6,15,60,83,42
285,Luke Glendening\glendlu01,30,DET,C,50,6,3,9,-21,10,-0.2,5,0,1,1,3,0,0,71,8.5,766,15:19,52,133,342,252,57.6
286,Nikolay Goldobin\goldoni01,24,VAN,LW,1,0,0,0,0,0,0,0,0,0,0,0,0,0,0,,9,08:37,0,1,0,0,
287,Alex Goligoski\goligal01,34,ARI,D,62,4,25,29,3,18,5.5,2,2,0,0,17,8,0,91,4.4,1435,23:09,119,78,0,0,
288,Cody Goloubef\golouco01,30,OTT,D,22,1,1,2,-2,8,0.5,1,0,0,0,1,0,0,15,6.7,340,15:27,23,39,0,0,
289,Barclay Goodrow\goodrba01,26,SJS,RW,59,8,16,24,-5,80,1.7,8,0,0,2,13,2,1,87,9.2,954,16:10,58,132,360,355,50.3
290,Shayne Gostisbehere\gostish01,26,PHI,D,41,5,7,12,-3,20,2.1,4,1,0,1,3,4,0,73,6.8,752,18:21,36,14,0,0,
291,Yanni Gourde\gourdya01,28,TBL,C,60,8,15,23,-6,40,1.3,6,1,1,5,11,4,0,104,7.7,843,14:03,17,67,81,68,54.4
292,Michael Grabner\grabnmi01,32,ARI,RW,45,8,3,11,-3,6,1,7,0,1,0,3,0,0,59,13.6,557,12:23,12,20,0,4,0
293,Markus Granlund\granlma01,26,EDM,C,32,3,1,4,-1,14,0.2,3,0,0,1,1,0,0,23,13,352,11:00,18,15,25,32,43.9
294,Mikael Granlund\granlmi01,27,NSH,C,52,14,10,24,0,24,2.1,9,4,1,3,9,1,0,107,13.1,908,17:28,40,34,47,54,46.5
295,Derek Grant\grantde01,29,ANA,C,47,14,6,20,0,28,2.5,9,2,3,4,5,0,1,76,18.4,649,13:49,20,41,305,293,51
296,Tyler Graovac\graovty01,26,VAN,C,8,2,0,2,-2,2,0.2,0,2,0,0,0,0,0,5,40,50,06:16,3,6,8,14,36.4
297,Kevin Gravel\graveke01,27,TOR,D,3,0,0,0,0,0,0,0,0,0,0,0,0,0,2,0,33,11:05,3,2,0,0,
298,Ryan Graves\gravery01,24,COL,D,57,8,15,23,41,39,6.3,8,0,0,0,13,0,2,112,7.1,1049,18:25,122,92,0,0,
299,Mike Green\greenmi03,34,DET,D,46,2,7,9,-32,30,0.3,1,1,0,1,5,2,0,72,2.8,966,20:59,60,56,0,0,
300,Andy Greene\greenan01,37,TOT,D,54,2,10,12,2,14,2.7,2,0,0,0,8,0,2,51,3.9,1086,20:06,137,27,0,0,
300,Andy Greene\greenan01,37,NJD,D,53,2,9,11,1,14,2.5,2,0,0,0,7,0,2,49,4.1,1066,20:07,136,27,0,0,
300,Andy Greene\greenan01,37,NYI,D,1,0,1,1,1,0,0.2,0,0,0,0,1,0,0,2,0,20,19:46,1,0,0,0,
301,Jordan Greenway\greenjo02,22,MIN,LW,56,7,16,23,2,43,1.8,7,0,0,1,13,3,0,73,9.6,783,13:59,34,82,15,9,62.5
302,Noah Gregor\gregono01,21,SJS,C,18,1,0,1,-5,2,-0.2,1,0,0,0,0,0,0,17,5.9,154,08:34,3,24,6,10,37.5
303,Rocco Grimaldi\grimaro01,26,NSH,C,55,10,19,29,13,8,3.2,10,0,0,1,19,0,0,104,9.6,693,12:36,11,21,1,5,16.7
304,Jordan Gross\grossjo01,24,ARI,D,2,0,1,1,2,0,0.3,0,0,0,0,1,0,0,3,0,32,16:11,1,0,0,0,
305,Carl Grundstrom\grundca01,22,LAK,RW,13,0,4,4,2,8,0.2,0,0,0,0,4,0,0,16,0,166,12:46,4,29,0,0,
306,Matt Grzelcyk\grzelma01,26,BOS,D,58,2,14,16,12,28,3.6,2,0,0,0,7,6,1,95,2.1,1051,18:07,54,49,0,0,
307,Radko Gudas\gudasra01,29,WSH,D,58,2,13,15,19,36,3.6,2,0,0,1,13,0,0,87,2.3,980,16:53,71,154,0,0,
308,Erik Gudbranson\gudbrer01,28,TOT,D,51,4,5,9,0,95,2.4,4,0,0,0,4,0,1,78,5.1,988,19:22,58,89,0,0,
308,Erik Gudbranson\gudbrer01,28,ANA,D,44,4,5,9,0,91,2.3,4,0,0,0,4,0,1,76,5.3,882,20:02,56,76,0,0,
308,Erik Gudbranson\gudbrer01,28,PIT,D,7,0,0,0,0,4,0.1,0,0,0,0,0,0,0,2,0,106,15:09,2,13,0,0,
309,Jake Guentzel\guentja01,25,PIT,C,39,20,23,43,11,14,5.4,14,6,0,4,19,4,0,127,15.7,805,20:38,19,46,22,24,47.8
310,Brendan Guhle\guhlebr01,22,ANA,D,22,2,3,5,-3,10,0.9,2,0,0,0,3,0,0,29,6.9,380,17:18,30,12,0,0,
311,Carl Gunnarsson\gunnaca01,33,STL,D,26,2,4,6,4,16,1.4,2,0,0,0,3,0,1,17,11.8,394,15:10,33,26,0,0,
312,Denis Gurianov\guriade01,22,DAL,RW,54,17,6,23,2,9,3.2,10,7,0,4,4,2,0,110,15.5,700,12:58,16,51,0,0,
313,Nikita Gusev\gusevni01,27,NJD,LW,55,10,23,33,-16,12,2.4,7,3,0,2,18,5,0,132,7.6,806,14:40,6,12,0,2,0
314,David Gustafsson\gustada01,19,WPG,C,22,1,0,1,-2,0,-0.1,1,0,0,1,0,0,0,4,25,135,06:09,6,5,34,29,54
315,Erik Gustafsson\gustaer02,27,CHI,D,58,6,20,26,-8,25,3.4,4,2,0,0,14,6,0,98,6.1,1196,20:38,49,81,0,0,
316,Gaetan Haas\haasga01,28,EDM,F,50,5,5,10,-1,6,0.8,5,0,0,0,4,1,0,47,10.6,481,09:37,26,47,149,204,42.2
317,Carl Hagelin\hagelca01,31,WSH,LW,48,5,13,18,10,14,1.5,4,0,1,2,12,0,1,83,6,683,14:14,17,19,12,12,50
318,Robert Hagg\haggro01,24,PHI,D,39,3,8,11,13,21,2.9,2,1,0,0,8,0,0,34,8.8,604,15:30,58,107,0,0,
319,Nicolas Hague\hagueni01,21,VEG,D,38,1,10,11,0,32,1.7,0,1,0,0,7,3,0,54,1.9,611,16:05,26,69,0,0,
320,Ron Hainsey\hainsro01,38,OTT,D,52,1,10,11,5,8,2.5,1,0,0,1,7,0,3,36,2.8,1038,19:58,81,43,0,0,
321,Libor Hajek\hajekli01,21,NYR,D,28,0,5,5,-4,12,0.5,0,0,0,0,5,0,0,23,0,448,15:59,44,24,0,0,
322,Micheal Haley\haleymi01,33,NYR,C,22,1,0,1,-7,50,-0.3,1,0,0,0,0,0,0,9,11.1,122,05:32,6,36,7,5,58.3
323,Taylor Hall\hallta02,28,TOT,LW,57,14,33,47,-16,32,3.9,11,3,0,1,20,13,0,197,7.1,1089,19:07,25,37,19,28,40.4
323,Taylor Hall\hallta02,28,NJD,LW,30,6,19,25,-11,20,1.8,4,2,0,0,9,10,0,109,5.5,576,19:11,9,25,13,15,46.4
323,Taylor Hall\hallta02,28,ARI,LW,27,8,14,22,-5,12,2.2,7,1,0,1,11,3,0,88,9.1,514,19:02,16,12,6,13,31.6
324,Dan Hamhuis\hamhuda01,37,NSH,D,54,0,8,8,8,35,1.6,0,0,0,0,8,0,0,41,0,799,14:48,51,62,0,0,
325,Dougie Hamilton\hamildo01,26,CAR,D,47,14,26,40,30,32,8.5,12,2,0,3,15,10,1,170,8.2,1094,23:17,63,52,0,0,
326,Travis Hamonic\hamontr01,29,CGY,D,50,3,9,12,-3,27,2.6,3,0,0,0,9,0,0,83,3.6,1060,21:12,110,39,0,0,
327,Noah Hanifin\hanifno01,23,CGY,D,61,5,13,18,-14,10,2.8,4,1,0,0,9,4,0,119,4.2,1318,21:37,84,77,0,0,
328,Joel Hanley\hanlejo01,28,DAL,D,8,0,2,2,0,6,0.3,0,0,0,0,2,0,0,4,0,91,11:21,8,3,0,0,
329,Jansen Harkins\harkija01,22,WPG,C,20,1,4,5,-1,0,0.2,1,0,0,0,4,0,0,12,8.3,194,09:41,8,6,0,4,0
330,Scott Harrington\harrisc01,26,CBJ,D,31,1,4,5,-1,12,1.2,1,0,0,0,4,0,0,28,3.6,424,13:41,37,42,0,0,
331,Ryan Hartman\hartmry01,25,MIN,RW,58,7,7,14,1,60,0.9,6,1,0,1,7,0,0,88,8,711,12:16,47,35,78,65,54.5
332,Garnet Hathaway\hathaga01,28,WSH,RW,56,6,6,12,3,68,0.8,6,0,0,1,5,0,1,64,9.4,615,10:59,43,160,9,20,31
333,Erik Haula\haulaer01,28,CAR,LW,38,12,9,21,1,18,2.3,8,4,0,2,5,4,0,72,16.7,604,15:54,10,17,318,270,54.1
334,Jayce Hawryluk\hawryja01,24,FLA,C,15,1,2,3,-1,8,0.1,1,0,0,0,2,0,0,10,10,145,09:41,6,32,0,4,0
335,John Hayden\haydejo01,24,NJD,C,33,2,1,3,-3,53,-0.1,2,0,0,0,1,0,0,30,6.7,315,09:32,18,70,2,14,12.5
336,Kevin Hayes\hayeske01,27,PHI,RW,59,17,15,32,-13,28,2.7,9,4,4,4,12,3,0,146,11.6,1054,17:52,19,77,354,371,48.8
337,Barrett Hayton\haytoba01,19,ARI,C,14,1,3,4,1,12,0.3,1,0,0,1,3,0,0,20,5,156,11:08,2,10,6,8,42.9
338,Victor Hedman\hedmavi01,29,TBL,D,58,9,40,49,26,27,8.6,6,3,0,2,24,16,0,132,6.8,1401,00:09,84,64,0,0,
339,Tim Heed\heedti01,29,SJS,D,27,0,1,1,-4,2,0.3,0,0,0,0,1,0,0,29,0,317,11:44,21,15,0,1,0
340,Danton Heinen\heineda01,24,BOS,C,55,7,15,22,8,8,2,4,3,0,2,12,3,0,87,8,782,14:13,32,31,5,7,41.7
341,Ville Heinola\heinovi01,18,WPG,D,8,1,4,5,3,4,1,1,0,0,0,3,1,0,10,10,145,18:04,5,3,0,0,
342,Miro Heiskanen\heiskmi01,20,DAL,D,58,7,24,31,10,12,6.5,7,0,0,0,18,6,0,141,5,1385,23:52,72,33,0,0,
343,Darren Helm\helmda01,33,DET,C,58,9,6,15,-1,35,1.4,8,0,1,0,5,0,1,85,10.6,779,13:26,23,76,15,11,57.7
344,Adam Henrique\henriad01,29,ANA,C,59,21,12,33,-5,16,3.9,16,5,0,0,10,2,0,142,14.8,985,16:42,23,61,394,322,55
345,Tomas Hertl\hertlto01,26,SJS,C,48,16,20,36,-18,16,3.2,12,2,2,1,15,5,0,117,13.7,885,18:27,25,29,433,357,54.8
346,Joe Hicketts\hickejo01,23,DET,D,6,0,2,2,-5,2,0,0,0,0,0,2,0,0,6,0,110,18:17,13,14,0,0,
347,Matthew Highmore\highmma01,23,CHI,LW,25,1,3,4,1,4,0.1,1,0,0,0,3,0,0,23,4.3,245,09:47,7,24,1,3,25
348,Vinnie Hinostroza\hinosvi01,25,ARI,C,61,5,15,20,0,14,1.4,5,0,0,0,14,1,0,117,4.3,808,13:15,24,45,24,32,42.9
349,Roope Hintz\hintzro01,23,DAL,LW,50,17,11,28,3,12,3.6,14,1,2,4,1,10,0,99,17.2,743,14:52,22,58,153,161,48.7
350,Taro Hirose\hirosta01,23,DET,LW,26,2,5,7,-12,6,0.1,2,0,0,0,0,5,0,21,9.5,326,12:33,16,13,0,5,0
351,Nico Hischier\hischni01,21,NJD,C,47,13,20,33,-9,10,2.9,10,2,1,1,12,7,1,99,13.1,848,18:02,32,43,423,385,52.4
352,Niklas Hjalmarsson\hjalmni01,32,ARI,D,19,1,2,3,0,8,0.9,1,0,0,0,2,0,0,14,7.1,349,18:24,31,12,0,0,
353,Mike Hoffman\hoffmmi02,30,FLA,C,59,22,25,47,-3,24,4.9,14,8,0,2,15,10,0,171,12.9,989,16:45,17,29,6,8,42.9
354,Nick Holden\holdeni01,32,VEG,D,51,5,5,10,1,13,2.4,4,1,0,0,4,0,1,90,5.6,979,19:12,60,114,0,0,
355,Justin Holl\hollju01,28,TOR,D,58,1,14,15,8,37,2.5,1,0,0,0,14,0,0,79,1.3,1038,17:54,64,73,0,0,
356,Korbinian Holzer\holzeko01,31,ANA,D,43,1,3,4,-1,33,1.2,1,0,0,0,2,0,1,35,2.9,699,16:15,79,81,0,0,
357,Patric Hornqvist\hornqpa01,33,PIT,RW,40,14,12,26,8,32,3.2,12,2,0,1,9,3,0,118,11.9,632,15:48,31,87,2,3,40
358,Bo Horvat\horvabo01,24,VAN,C,59,18,28,46,-6,14,4.2,10,8,0,2,24,4,0,154,11.7,1174,19:54,54,44,731,541,57.5
359,Brett Howden\howdebr01,21,NYR,C,58,7,7,14,-9,16,0.4,6,1,0,2,5,0,2,58,12.1,774,13:21,50,56,217,239,47.6
360,Filip Hronek\hronefi01,22,DET,D,59,9,20,29,-32,44,3.8,8,1,0,0,12,8,0,112,8,1399,23:42,70,94,0,0,
361,Jonathan Huberdeau\huberjo01,26,FLA,LW,59,21,50,71,9,28,7.5,17,4,0,3,28,22,0,129,16.3,1102,18:41,19,42,24,37,39.3
362,Charles Hudon\hudonch01,25,MTL,LW,9,0,1,1,-4,0,-0.2,0,0,0,0,1,0,0,14,0,88,09:44,1,15,0,1,0
363,Cameron Hughes\hugheca01,23,BOS,C,1,0,0,0,-1,0,-0.1,0,0,0,0,0,0,0,0,,10,09:53,2,1,0,0,
364,Jack Hughes\hugheja03,18,NJD,C,50,7,13,20,-20,6,0.7,3,4,0,2,9,4,0,107,6.5,792,15:51,16,12,165,291,36.2
365,Quinn Hughes\hughequ01,20,VAN,D,58,8,37,45,-5,16,6,5,3,0,2,18,19,0,109,7.3,1257,21:41,35,6,0,0,
366,Brad Hunt\huntbr01,31,MIN,D,49,8,9,17,-4,2,2.8,5,3,0,0,3,6,0,91,8.8,747,15:15,27,11,0,0,
367,Dryden Hunt\huntdr01,24,FLA,LW,20,0,4,4,0,24,0,0,0,0,0,4,0,0,32,0,216,10:48,6,35,0,0,
368,Ben Hutton\huttobe01,26,LAK,D,55,3,7,10,-4,12,2.4,3,0,0,0,7,0,0,90,3.3,990,18:00,69,44,0,0,
369,Zach Hyman\hymanza01,27,TOR,C,41,18,15,33,7,21,4,14,3,1,1,12,3,0,85,21.2,767,18:42,18,43,52,70,42.6
370,Alex Iafallo\iafalal01,26,LAK,C,59,15,20,35,-2,12,3.4,10,5,0,3,18,2,0,122,12.3,1097,18:35,38,44,11,9,55
371,Matt Irwin\irwinma01,32,NSH,D,27,0,2,2,-8,11,-0.3,0,0,0,0,2,0,0,40,0,319,11:49,30,53,0,0,
372,Mark Jankowski\jankoma01,25,CGY,C,47,5,2,7,-10,10,0,5,0,0,0,2,0,0,31,16.1,526,11:11,28,13,158,192,45.1
373,Mattias Janmark\janmama02,27,DAL,C,52,6,14,20,-1,8,1.5,4,1,1,0,9,4,1,67,9,756,14:32,32,18,22,24,47.8
374,Calle Jarnkrok\jarnkca01,28,NSH,C,53,12,17,29,2,14,2.6,8,2,2,1,12,5,0,116,10.3,859,16:12,22,26,23,32,41.8
375,Christian Jaros\jarosch01,23,OTT,D,6,0,2,2,-2,4,0.1,0,0,0,0,1,0,1,2,0,70,11:41,5,11,0,0,
376,Boone Jenner\jennebo01,26,CBJ,C,60,10,10,20,-12,34,1.1,8,2,0,1,7,2,1,145,6.9,1081,18:01,63,95,544,447,54.9
377,Nick Jensen\jenseni02,29,WSH,D,58,0,5,5,-6,13,0.5,0,0,0,0,4,1,0,53,0,1023,17:38,56,55,0,0,
378,Ryan Johansen\johanry01,27,NSH,C,58,11,21,32,-3,43,2.4,7,3,1,2,15,6,0,84,13.1,1002,17:17,30,35,459,418,52.3
379,Marcus Johansson\johanma03,29,BUF,C,50,7,17,24,-12,20,1.3,6,1,0,1,12,5,0,73,9.6,880,17:36,16,31,168,250,40.2
380,Stephen Johns\johnsst03,27,DAL,D,10,2,3,5,4,6,1.3,2,0,0,0,3,0,0,18,11.1,174,17:24,16,29,0,0,
381,Adam Johnson\johnsad01,25,PIT,C,7,1,1,2,-1,2,0.2,1,0,0,0,1,0,0,5,20,47,06:42,3,4,0,0,
382,Erik Johnson\johnser01,31,COL,D,47,1,9,10,6,14,1.6,1,0,0,0,9,0,0,80,1.3,987,21:00,89,73,0,0,
383,Jack Johnson\johnsja02,33,PIT,D,55,3,8,11,7,18,2.8,2,0,1,0,8,0,0,52,5.8,1085,19:44,74,152,0,0,
384,Luke Johnson\johnslu01,25,MIN,C,3,0,0,0,-3,0,-0.2,0,0,0,0,0,0,0,1,0,35,11:35,0,6,16,16,50
385,Tyler Johnson\johnsty01,29,TBL,C,55,13,15,28,11,14,3,13,0,0,2,10,5,0,95,13.7,799,14:31,16,57,138,149,48.1
386,Andreas Johnsson\johnsan01,25,TOR,LW,43,8,13,21,0,14,1.6,4,4,0,1,12,1,0,78,10.3,677,15:45,21,43,0,2,0
387,Ross Johnston\johnsro02,25,NYI,LW,31,3,1,4,1,78,0.3,3,0,0,0,1,0,0,15,20,249,08:02,13,90,1,0,100
388,Henri Jokiharju\jokihhe01,20,BUF,D,59,4,10,14,-3,30,2.5,3,1,0,0,9,1,0,64,6.3,1010,17:07,54,63,0,0,
389,Caleb Jones\jonesca01,22,EDM,D,32,3,3,6,-3,6,1.1,3,0,0,0,3,0,0,27,11.1,417,13:02,37,19,0,0,
390,Max Jones\jonesma03,21,ANA,LW,48,7,3,10,-2,26,0.6,6,0,1,0,3,0,0,86,8.1,674,14:02,16,65,11,10,52.4
391,Seth Jones\jonesse01,25,CBJ,D,56,6,24,30,10,20,6.6,4,2,0,0,16,7,1,126,4.8,1416,01:17,123,62,0,0,
392,Mathieu Joseph\josepma01,22,TBL,RW,37,4,3,7,-2,16,0.2,4,0,0,0,2,0,1,35,11.4,426,11:31,10,47,4,10,28.6
393,Roman Josi\josiro01,29,NSH,D,58,14,43,57,22,35,9.3,10,4,0,1,27,16,0,208,6.7,1504,01:56,94,44,0,0,
394,Tyson Jost\jostty01,21,COL,C,55,5,11,16,13,18,1.4,5,0,0,0,9,2,0,87,5.7,653,11:53,12,45,71,134,34.6
395,Tomas Jurco\jurcoto01,27,EDM,RW,12,0,2,2,1,4,0.1,0,0,0,0,2,0,0,7,0,120,09:59,3,4,2,2,50
396,Nazem Kadri\kadrina01,29,COL,C,51,19,17,36,7,97,4.1,15,4,0,1,10,7,0,133,14.3,889,17:26,9,61,407,310,56.8
397,Dominik Kahun\kahundo01,24,PIT,C,48,10,17,27,9,8,3,9,1,0,2,16,1,0,77,13,643,13:24,18,5,26,23,53.1
398,Kaapo Kakko\kakkoka01,18,NYR,RW,54,8,11,19,-22,14,0.4,6,2,0,2,1,10,0,89,9,793,14:41,10,17,2,4,33.3
399,Vladislav Kamenev\kamenvl01,23,COL,LW,27,1,6,7,3,4,0.4,1,0,0,1,5,1,0,25,4,253,09:23,13,19,42,37,53.2
400,David Kampf\kampfda01,25,CHI,C,59,7,7,14,-7,6,0.4,6,0,1,2,7,0,0,83,8.4,825,13:59,24,42,267,245,52.1
401,Steven Kampfer\kampfst01,31,BOS,D,10,0,2,2,2,2,0.5,0,0,0,0,0,2,0,13,0,136,13:38,8,15,0,0,
402,Evander Kane\kaneev01,28,SJS,LW,54,21,16,37,-9,110,3.9,8,11,2,5,13,3,0,169,12.4,1062,19:40,23,120,83,67,55.3
403,Patrick Kane\kanepa01,31,CHI,RW,59,27,47,74,6,36,8.2,21,6,0,2,34,13,0,222,12.2,1252,21:13,16,22,1,3,25
404,Kasperi Kapanen\kapanka01,23,TOR,RW,59,11,21,32,1,10,2.6,9,0,2,2,18,3,0,101,10.9,938,15:54,13,66,2,13,13.3
405,Erik Karlsson\karlser01,29,SJS,D,56,6,34,40,-15,16,5.4,4,1,1,0,22,12,0,120,5,1373,00:31,74,26,0,0,
406,Melker Karlsson\karlsme01,29,SJS,C,55,5,5,10,-8,16,0.3,5,0,0,0,5,0,0,48,10.4,666,12:07,34,36,14,15,48.3
407,William Karlsson\karlswi01,27,VEG,C,53,10,27,37,5,14,3.3,6,2,2,1,19,5,3,113,8.8,1005,18:57,35,35,412,393,51.2
408,David Kase\kaseda01,23,PHI,RW,6,1,0,1,1,0,0.1,1,0,0,1,0,0,0,5,20,59,09:47,1,4,1,0,100
409,Ondrej Kase\kaseon01,24,ANA,RW,49,7,16,23,-7,10,1.6,6,0,1,0,14,2,0,135,5.2,823,16:47,13,9,6,23,20.7
410,Zack Kassian\kassiza01,29,EDM,RW,52,14,16,30,-1,69,3.2,14,0,0,1,16,0,0,87,16.1,827,15:54,7,139,1,2,33.3
411,Duncan Keith\keithdu01,36,CHI,D,50,1,14,15,-7,12,1.9,1,0,0,0,10,4,0,83,1.2,1197,23:57,98,25,0,0,
412,Clayton Keller\kellecl01,21,ARI,C,62,13,24,37,-9,26,3.4,11,2,0,1,11,13,0,169,7.7,1006,16:13,11,18,8,13,38.1
413,Joel Kellman\kellmjo01,25,SJS,F,20,1,3,4,0,4,0.2,1,0,0,1,3,0,0,13,7.7,198,09:54,12,16,58,79,42.3
414,Adrian Kempe\kempead01,23,LAK,LW,58,10,14,24,-14,23,1.6,6,2,2,1,8,5,1,119,8.4,911,15:42,11,64,87,125,41
415,Michal Kempny\kempnmi01,29,WSH,D,49,3,14,17,14,18,3.5,3,0,0,0,14,0,0,60,5,931,19:00,63,35,0,0,
416,Alexander Kerfoot\kerfoal01,25,TOR,C,55,8,17,25,0,26,1.7,7,1,0,1,15,2,0,79,10.1,824,14:59,37,42,174,192,47.5
417,Phil Kessel\kesseph01,32,ARI,RW,62,13,22,35,-22,22,2.6,4,9,0,2,14,8,0,131,9.9,1077,17:22,20,11,1,6,14.3
418,Jujhar Khaira\khairju01,25,EDM,LW,52,6,3,9,-18,32,-0.1,6,0,0,1,3,0,0,58,10.3,663,12:45,23,110,13,10,56.5
419,Alex Killorn\killoal01,30,TBL,C,58,23,21,44,19,18,5.5,16,7,0,5,16,5,0,112,20.5,1045,18:01,15,47,5,13,27.8
420,Joel Kiviranta\kivirjo01,23,DAL,F,11,1,0,1,-1,4,0,1,0,0,0,0,0,0,13,7.7,117,10:39,3,17,0,0,
421,Oscar Klefbom\klefbos01,26,EDM,D,59,5,28,33,-20,22,4,3,2,0,0,12,16,0,151,3.3,1510,01:36,172,41,0,0,
422,John Klingberg\klingjo01,27,DAL,D,48,4,23,27,-11,14,3.8,3,1,0,0,10,13,0,94,4.3,1077,22:27,62,23,0,0,
423,Slater Koekkoek\koekksl01,25,CHI,D,31,0,8,8,6,30,1.6,0,0,0,0,8,0,0,33,0,509,16:24,40,52,0,0,
424,Mikko Koivu\koivumi01,36,MIN,C,44,2,13,15,0,24,0.5,1,1,0,0,6,6,1,60,3.3,715,16:15,27,21,357,321,52.7
425,Otto Koivula\koivuot01,21,NYI,LW,7,0,0,0,1,2,-0.1,0,0,0,0,0,0,0,2,0,58,08:15,3,8,12,26,31.6
426,Keegan Kolesar\koleske01,22,VEG,RW,1,0,0,0,0,0,0,0,0,0,0,0,0,0,1,0,12,12:06,0,2,1,0,100
427,Leo Komarov\komarle01,33,NYI,C,39,3,10,13,7,4,1.1,3,0,0,1,9,0,1,39,7.7,513,13:10,25,103,32,45,41.6
428,Travis Konecny\konectr01,22,PHI,C,56,19,29,48,-5,28,5,16,3,0,2,15,14,0,123,15.4,955,17:03,25,57,24,22,52.2
429,Anze Kopitar\kopitan01,32,LAK,C,59,17,34,51,-2,16,5,11,5,1,4,21,13,0,115,14.8,1224,20:45,43,42,633,527,54.6
430,Egor Korshkov\korsheg01,23,TOR,F,1,1,0,1,1,0,0.2,1,0,0,0,0,0,0,1,100,10,10:08,0,1,0,0,
431,Klim Kostin\kostikl01,20,STL,C; LW,4,1,0,1,1,0,0.2,1,0,0,0,0,0,0,5,20,34,08:32,0,6,0,0,
432,Jesperi Kotkaniemi\kotkaje01,19,MTL,C,36,6,2,8,-11,23,0.2,5,1,0,0,1,1,0,55,10.9,468,13:00,16,51,125,167,42.8
433,Ilya Kovalchuk\kovalil01,36,TOT,LW,36,9,12,21,-6,14,1.8,7,2,0,3,9,3,0,92,9.8,629,17:29,18,39,7,15,31.8
433,Ilya Kovalchuk\kovalil01,36,MTL,LW,19,6,6,12,4,2,1.4,5,1,0,3,5,1,0,57,10.5,367,19:20,9,27,7,11,38.9
433,Ilya Kovalchuk\kovalil01,36,LAK,LW,17,3,6,9,-10,12,0.5,2,1,0,0,4,2,0,35,8.6,262,15:25,9,12,0,4,0
434,Chris Kreider\kreidch01,28,NYR,LW,57,23,19,42,8,58,5,14,9,0,4,15,4,0,144,16,1001,17:34,37,101,51,64,44.3
435,David Krejci\krejcda01,33,BOS,C,51,13,26,39,20,18,4.6,10,3,0,3,17,9,0,72,18.1,878,17:13,27,34,312,300,51
436,Torey Krug\krugto01,28,BOS,D,52,8,31,39,3,29,5.9,6,2,0,3,10,21,0,121,6.6,1067,20:31,42,33,0,0,
437,Dominik Kubalík\kubaldo01,24,CHI,LW,57,23,13,36,2,14,4.7,21,2,0,3,10,3,0,136,16.9,790,13:52,16,65,5,12,29.4
438,Nikita Kucherov\kucheni01,26,TBL,RW,58,29,44,73,29,30,9.3,25,4,0,6,27,17,0,180,16.1,1081,18:38,17,33,0,1,0
439,Karson Kuhlman\kuhlmka01,24,BOS,C,20,1,4,5,2,9,0.3,0,1,0,0,4,0,0,38,2.6,249,12:27,7,29,1,2,33.3
440,Tom Kuhnhackl\kuhnhto01,28,NYI,RW,25,3,3,6,-4,0,0.3,3,0,0,1,2,0,1,25,12,284,11:22,19,28,0,0,
441,Dean Kukan\kukande01,26,CBJ,D,33,1,4,5,-9,12,0.7,0,1,0,0,4,0,0,51,2,527,15:58,28,24,0,0,
442,Brett Kulak\kulakbr01,26,MTL,D,46,0,6,6,-2,10,1.1,0,0,0,0,6,0,0,75,0,752,16:21,45,53,0,0,
443,Dmitry Kulikov\kulikdm01,29,WPG,D,40,1,8,9,-4,26,1.4,1,0,0,0,8,0,0,46,2.2,792,19:49,59,86,0,0,
444,Luke Kunin\kuninlu01,22,MIN,C,57,12,14,26,-11,55,1.9,11,0,1,1,13,1,0,115,10.4,890,15:37,51,59,194,236,45.1
445,Sean Kuraly\kuralse01,27,BOS,C,59,5,15,20,1,24,1.3,5,0,0,0,13,1,1,79,6.3,785,13:18,26,120,227,239,48.7
446,Evgeny Kuznetsov\kuzneev01,27,WSH,C,53,19,27,46,-1,30,4.9,13,6,0,0,21,6,0,111,17.1,946,17:51,15,27,285,378,43
447,Oliver Kylington\kylinol01,22,CGY,D,46,2,5,7,-6,16,1.2,2,0,0,0,5,0,0,36,5.6,628,13:39,33,35,0,0,
448,Jordan Kyrou\kyroujo01,21,STL,C,20,2,3,5,0,6,0.3,2,0,0,0,2,1,0,24,8.3,228,11:23,7,7,1,3,25
449,Joel L'Esperance\lespejo01,24,DAL,RW,3,1,0,1,0,2,0.2,1,0,0,0,0,0,0,2,50,22,07:21,1,1,0,1,0
450,Kevin Labanc\labanke01,24,SJS,RW,59,14,17,31,-24,36,2.2,11,3,0,3,13,4,0,150,9.3,952,16:08,20,36,2,8,20
451,Andrew Ladd\laddan01,34,NYI,LW,1,0,0,0,0,0,0,0,0,0,0,0,0,0,1,0,10,09:53,0,5,0,0,
452,Paul Ladue\laduepa01,27,LAK,D,2,0,1,1,0,0,0.1,0,0,0,0,1,0,0,2,0,26,12:48,3,2,0,0,
453,Sam Lafferty\laffesa01,24,PIT,C,42,6,6,12,6,17,1.3,6,0,0,1,6,0,0,50,12,409,09:44,15,85,105,106,49.8
454,William Lagesson\lageswi01,23,EDM,D,3,0,0,0,-2,0,-0.1,0,0,0,0,0,0,0,5,0,33,11:09,5,0,0,0,
455,Patrik Laine\lainepa01,21,WPG,RW,58,24,30,54,8,18,6.1,18,6,0,1,24,6,0,203,11.8,1168,20:08,28,85,9,17,34.6
456,Maxime Lajoie\lajoima01,22,OTT,D,6,0,0,0,0,0,0,0,0,0,0,0,0,0,3,0,47,07:49,3,2,0,0,
457,Gabriel Landeskog\landega01,27,COL,LW,42,15,13,28,-6,41,2.5,11,4,0,4,8,5,0,111,13.5,818,19:29,28,75,185,147,55.7
458,Dylan Larkin\larkidy01,23,DET,C,61,15,25,40,-21,29,3.1,10,5,0,0,20,5,0,188,8,1289,21:08,40,39,593,553,51.7
459,Adam Larsson\larssad01,27,EDM,D,37,1,4,5,-6,25,0.9,1,0,0,0,4,0,0,47,2.1,722,19:32,68,76,0,0,
460,Jacob Larsson\larssja01,22,ANA,D,48,2,6,8,-10,10,1.1,2,0,0,0,6,0,0,49,4.1,763,15:54,44,25,0,0,
461,Johan Larsson\larssjo02,27,BUF,LW,52,6,9,15,5,22,1,6,0,0,0,9,0,0,49,12.2,782,15:02,28,74,272,293,48.1
462,Brian Lashoff\lashobr01,29,DET,D,9,0,1,1,1,6,0.4,0,0,0,0,1,0,0,6,0,131,14:33,7,16,0,0,
463,Scott Laughton\laughsc01,25,PHI,C,39,10,8,18,2,12,2,10,0,0,2,8,0,0,60,16.7,561,14:23,19,93,119,104,53.4
464,Jeremy Lauzon\lauzoje01,22,BOS,D,9,1,0,1,5,18,0.7,1,0,0,0,0,0,0,13,7.7,132,14:38,7,15,0,0,
465,Curtis Lazar\lazarcu01,24,BUF,C,28,4,5,9,2,7,0.9,4,0,0,0,4,0,1,21,19,333,11:54,17,51,133,119,52.8
466,Nick Leddy\leddyni01,28,NYI,D,50,3,17,20,4,12,3.8,2,1,0,0,14,3,0,64,4.7,1052,21:03,60,52,0,0,
467,Anders Lee\leean01,29,NYI,C,58,17,16,33,7,40,3.7,16,1,0,5,13,3,0,161,10.6,1045,18:01,44,90,72,83,46.5
468,Artturi Lehkonen\lehkoar01,24,MTL,LW,61,12,13,25,6,22,2.5,11,0,1,1,13,0,0,121,9.9,937,15:22,32,117,11,11,50
469,Brendan Leipsic\leipsbr01,25,WSH,LW,59,3,8,11,4,13,0.6,3,0,0,1,7,1,0,49,6.1,542,09:11,19,57,8,12,40
470,Josh Leivo\leivojo01,26,VAN,LW,36,7,12,19,0,4,1.7,7,0,0,0,7,5,0,69,10.1,540,15:01,8,17,10,7,58.8
471,Brendan Lemieux\lemiebr01,23,NYR,LW,47,6,9,15,-12,91,0.5,3,2,1,0,6,2,1,71,8.5,618,13:09,44,124,15,27,35.7
472,Otto Leskinen\leskiot01,22,MTL,D,5,0,0,0,0,0,0,0,0,0,0,0,0,0,2,0,51,10:18,1,13,0,0,
473,Kris Letang\letankr01,32,PIT,D,49,14,25,39,8,26,6.9,8,6,0,2,17,8,0,149,9.4,1266,01:50,73,85,0,0,
474,Mark Letestu\letesma01,34,WPG,C,7,0,0,0,0,0,-0.1,0,0,0,0,0,0,0,5,0,74,10:36,5,3,25,21,54.3
475,Maxim Letunov\letunma01,23,SJS,C,3,1,0,1,0,0,0.2,1,0,0,0,0,0,0,3,33.3,27,09:05,1,0,3,3,50
476,Tyler Lewington\lewinty01,25,WSH,D,6,0,0,0,-2,17,-0.1,0,0,0,0,0,0,0,2,0,61,10:10,7,13,0,0,
477,Trevor Lewis\lewistr01,33,LAK,C,45,3,6,9,-5,14,0.3,3,0,0,0,6,0,0,73,4.1,528,11:44,20,49,39,64,37.9
478,Jakob Lilja\liljaja01,26,CBJ,F,29,2,2,4,4,2,0.4,2,0,0,0,2,0,0,21,9.5,282,09:43,22,15,2,2,50
479,Timothy Liljegren\liljeti01,20,TOR,D,7,0,1,1,-1,0,0,0,0,0,0,1,0,0,1,0,75,10:45,7,5,0,0,
480,Oskar Lindblom\lindbos01,23,PHI,LW,30,11,7,18,4,4,2.2,8,3,0,0,6,1,0,72,15.3,528,17:37,16,31,13,19,40.6
481,Esa Lindell\lindees01,25,DAL,D,59,3,19,22,7,8,5,2,1,0,2,10,6,3,78,3.8,1386,23:29,112,73,0,0,
482,Ryan Lindgren\lindgry01,21,NYR,D,48,1,9,10,8,39,2.3,1,0,0,0,9,0,0,36,2.8,773,16:06,56,72,0,0,
483,Anton Lindholm\lindhan01,25,COL,D,4,0,1,1,1,0,0.2,0,0,0,0,1,0,0,1,0,47,11:47,5,5,0,0,
484,Elias Lindholm\lindhel01,25,CGY,C,61,27,21,48,-10,22,5.5,19,8,0,7,12,9,0,150,18,1205,19:45,35,83,374,382,49.5
485,Hampus Lindholm\lindhha01,26,ANA,D,51,2,20,22,-8,34,3.1,1,1,0,1,11,7,2,99,2,1183,23:12,64,32,0,0,
486,Par Lindholm\lindhpa01,28,BOS,C,34,3,2,5,4,4,0.3,3,0,0,1,2,0,0,30,10,382,11:14,20,17,119,131,47.6
487,Gustav Lindstrom\lindsgu01,21,DET,D,7,0,0,0,-6,6,-0.3,0,0,0,0,0,0,0,3,0,118,16:53,4,10,0,0,
488,Bryan Little\littlbr01,32,WPG,RW,7,2,3,5,4,2,0.7,2,0,0,1,3,0,0,13,15.4,113,16:09,3,3,48,58,45.3
489,Blake Lizotte\lizotbl01,22,LAK,C,54,4,14,18,-3,16,1,2,1,1,0,12,1,1,74,5.4,741,13:43,16,35,247,256,49.1
490,Adam Lowry\lowryad01,26,WPG,LW,47,4,6,10,-3,18,0.1,3,0,1,1,5,0,1,64,6.3,709,15:05,22,132,337,288,53.9
491,Milan Lucic\lucicmi01,31,CGY,LW,59,6,11,17,-4,54,1,1,5,0,1,9,2,0,72,8.3,787,13:20,16,166,15,26,36.6
492,Matt Luff\luffma01,22,LAK,RW,18,1,4,5,-5,2,0.1,1,0,0,0,4,0,0,25,4,187,10:22,5,16,0,3,0
493,Isac Lundestrom\lundeis01,20,ANA,C,15,0,4,4,-2,0,0,0,0,0,0,3,1,0,10,0,209,13:55,8,5,65,74,46.8
494,Eetu Luostarinen\luostee01,21,CAR,C,8,0,1,1,-2,0,-0.1,0,0,0,0,1,0,0,9,0,80,09:59,2,9,33,30,52.4
495,Joona Luoto\luotojo01,22,WPG,F,16,0,0,0,-3,2,-0.3,0,0,0,0,0,0,0,9,0,105,06:35,8,10,0,0,
496,Ilya Lyubushkin\lyubuil01,25,ARI,D,43,0,2,2,1,16,1.1,0,0,0,0,2,0,0,36,0,592,13:46,44,127,0,0,
497,Olli Maatta\maattol01,25,CHI,D,54,4,12,16,9,16,3.4,4,0,0,0,10,0,2,65,6.2,973,18:01,94,96,0,0,
498,Kurtis MacDermid\macdeku01,25,LAK,D,35,3,3,6,-6,43,1.1,3,0,0,0,2,0,1,45,6.7,470,13:26,32,73,0,0,
499,Mackenzie MacEachern\maceama01,25,STL,LW,46,7,3,10,2,21,1.1,7,0,0,2,3,0,0,58,12.1,405,08:49,11,75,1,3,25
500,Zack MacEwen\macewza01,23,VAN,C,12,2,1,3,3,11,0.4,2,0,0,0,1,0,0,10,20,123,10:14,2,30,0,0,
501,Ryan MacInnis\macinry01,23,CBJ,C,9,0,1,1,1,0,0,0,0,0,0,1,0,0,12,0,84,09:22,3,7,7,11,38.9
502,Nathan MacKinnon\mackina01,24,COL,C,58,33,49,82,5,12,9.5,23,10,0,4,31,18,0,270,12.2,1225,21:08,28,46,317,418,43.1
503,Josh Mahura\mahurjo01,21,ANA,D,11,1,3,4,-3,2,0.5,1,0,0,0,3,0,0,11,9.1,179,16:14,11,2,0,0,
504,Cale Makar\makarca01,21,COL,D,50,12,31,43,7,8,6.2,8,4,0,4,18,13,0,106,11.3,1040,20:48,43,40,0,0,
505,Beck Malenstyn\malenbe01,21,WSH,LW,3,0,0,0,-1,0,-0.1,0,0,0,0,0,0,0,4,0,28,09:16,1,5,0,0,
506,Denis Malgin\malgide01,23,FLA,C,36,4,8,12,-6,12,0.5,3,1,0,0,7,0,1,47,8.5,445,12:21,13,26,65,98,39.9
507,Evgeni Malkin\malkiev01,33,PIT,C,44,18,40,58,11,40,6.6,13,5,0,4,25,15,0,138,13,868,19:44,20,24,365,365,50
508,Andrew Mangiapane\mangian01,23,CGY,LW,59,13,12,25,0,16,2.7,13,0,0,1,11,1,0,86,15.1,780,13:13,22,60,8,24,25
509,Brandon Manning\mannibr01,29,EDM,D,9,1,0,1,-1,17,0.2,1,0,0,0,0,0,0,8,12.5,99,11:03,6,10,0,0,
510,Josh Manson\mansojo01,28,ANA,D,40,1,5,6,-5,35,1.2,1,0,0,0,4,0,1,54,1.9,827,20:40,44,90,0,0,
511,Anthony Mantha\manthan01,25,DET,RW,33,12,15,27,-10,28,2.8,8,4,0,3,12,3,0,108,11.1,612,18:34,20,38,12,20,37.5
512,Brad Marchand\marchbr03,31,BOS,LW,60,23,51,74,23,70,8.8,18,5,0,4,30,19,2,159,14.5,1185,19:45,14,49,20,28,41.7
513,Jonathan Marchessault\audymjo01,29,VEG,C,56,20,22,42,0,24,4.8,14,6,0,3,16,6,0,200,10,967,17:16,10,90,57,74,43.5
514,Mason Marchment\marchma01,24,TOR,F,4,0,1,1,0,0,0,0,0,0,0,1,0,0,3,0,32,08:05,0,3,1,0,100
515,Martin Marincin\marinma01,27,TOR,D,18,0,0,0,-1,10,0,0,0,0,0,0,0,0,17,0,263,14:37,28,13,0,0,
516,John Marino\marinjo01,22,PIT,D,51,5,20,25,14,20,4.9,4,1,0,0,17,3,0,58,8.6,1036,20:19,71,65,0,0,
517,Patrick Marleau\marlepa01,40,SJS,C,55,10,10,20,-4,12,1.6,9,1,0,3,10,0,0,95,10.5,860,15:38,20,47,27,25,51.9
518,Mitch Marner\marnemi01,22,TOR,RW,49,15,45,60,1,14,5.6,9,6,0,2,29,15,1,123,12.2,1052,21:28,33,21,7,18,28
519,Pat Maroon\maroopa01,31,TBL,LW,55,7,13,20,3,66,1.5,6,1,0,1,11,2,0,70,10,690,12:33,12,92,4,3,57.1
520,Matt Martin\martima02,30,NYI,LW,46,5,3,8,3,40,0.6,5,0,0,2,3,0,0,44,11.4,496,10:47,22,203,2,3,40
521,Alec Martinez\martial01,32,LAK,D,41,1,7,8,-9,17,1.4,1,0,0,0,5,2,0,59,1.7,882,21:31,85,32,0,0,
522,Jordan Martinook\martijo01,27,CAR,LW,37,2,9,11,-4,12,0.4,2,0,0,1,7,0,2,36,5.6,419,11:19,20,57,45,39,53.6
523,Mike Matheson\mathemi01,25,FLA,D,52,7,12,19,-1,12,2.8,6,1,0,1,11,1,0,96,7.3,941,18:06,46,40,0,0,
524,Auston Matthews\matthau01,22,TOR,C,60,42,29,71,13,8,9.6,31,11,0,4,18,11,0,243,17.3,1243,20:43,50,30,427,343,55.5
525,Scott Mayfield\mayfisc01,27,NYI,D,57,5,8,13,8,53,3.6,5,0,0,1,6,0,2,85,5.9,1133,19:53,100,85,0,0,
526,Gerald Mayhew\mayhege01,27,MIN,F,7,2,0,2,2,2,0.4,2,0,0,0,0,0,0,9,22.2,69,09:47,2,5,3,3,50
527,Charlie McAvoy\mcavoch01,22,BOS,D,57,3,21,24,17,41,5.1,3,0,0,1,20,1,0,88,3.4,1319,23:09,115,117,0,0,
528,Jake McCabe\mccabja01,26,BUF,D,56,2,7,9,-10,39,1.3,2,0,0,1,7,0,0,60,3.3,1050,18:45,78,75,0,0,
529,Jared McCann\mccanja01,23,PIT,C,55,14,17,31,8,12,3.4,12,2,0,4,14,3,0,128,10.9,855,15:33,24,80,242,275,46.8
530,Connor McDavid\mcdavco01,23,EDM,C,55,30,51,81,-8,26,9.1,19,11,0,4,25,26,0,180,16.7,1214,22:04,18,34,263,292,47.4
531,Ryan McDonagh\mcdonry01,30,TBL,D,48,1,11,12,7,17,2.4,1,0,0,0,10,0,1,49,2,992,20:40,95,33,0,0,
532,Brock McGinn\mcginbr01,25,CAR,LW,58,6,7,13,-8,15,0.3,4,0,2,1,7,0,0,83,7.2,766,13:12,25,71,13,22,37.1
533,Dylan McIlrath\mcilrdy01,27,DET,D,16,0,0,0,-4,23,0.1,0,0,0,0,0,0,0,14,0,237,14:49,12,48,0,0,
534,Greg McKegg\mckeggr01,27,NYR,C,45,3,3,6,-4,17,0,2,0,1,0,2,0,1,34,8.8,432,09:36,22,58,80,92,46.5
535,Michael McLeod\mcleomi01,21,NJD,C,5,0,2,2,1,2,0.2,0,0,0,0,2,0,0,4,0,44,08:46,2,4,12,20,37.5
536,Brayden McNabb\mcnabbr01,29,VEG,D,61,2,7,9,-6,40,1.6,1,0,1,0,7,0,0,53,3.8,1216,19:56,116,176,0,0,
537,Jayson Megna\megnaja01,29,COL,C,8,0,0,0,-1,2,-0.1,0,0,0,0,0,0,0,4,0,54,06:43,5,10,0,1,0
538,Timo Meier\meierti01,23,SJS,RW,59,20,19,39,-18,38,3.8,18,2,0,2,16,3,0,154,13,1017,17:15,35,132,11,21,34.4
539,Brennan Menell\menelbr01,22,MIN,D,5,0,0,0,1,2,0.1,0,0,0,0,0,0,0,4,0,70,13:59,4,2,0,0,
540,Nicholas Merkley\merklni01,22,NJD,RW,2,1,1,2,1,0,0.3,1,0,0,0,1,0,0,5,20,24,12:02,2,6,0,0,
541,Jonathon Merrill\merrijo01,27,VEG,D,47,2,5,7,8,30,2.2,2,0,0,0,4,0,1,37,5.4,868,18:28,69,49,0,0,
542,Victor Mete\metevi01,21,MTL,D,50,4,7,11,4,20,2.5,4,0,0,1,6,1,0,57,7,807,16:09,59,20,0,0,
543,Jacob Middleton\middlja01,24,SJS,D,4,0,0,0,0,0,0,0,0,0,0,0,0,0,2,0,31,07:49,2,5,0,0,
544,Ilya Mikheyev\mikheil01,25,TOR,F,39,8,15,23,7,4,2.2,7,0,1,1,15,0,0,98,8.2,607,15:35,13,26,3,1,75
545,Niko Mikkola\mikkoni01,23,STL,D,5,0,1,1,3,0,0.4,0,0,0,0,1,0,0,10,0,72,14:22,3,5,0,0,
546,Sonny Milano\milanso01,23,CBJ,LW,45,5,13,18,-3,22,1.5,5,0,0,1,12,1,0,64,7.8,570,12:40,9,25,0,0,
547,Colin Miller\milleco02,27,BUF,D,43,1,10,11,-4,18,1.6,1,0,0,1,7,3,0,67,1.5,734,17:04,30,68,0,0,
548,J.T. Miller\millejt01,26,VAN,C,59,22,35,57,9,43,6.2,14,8,0,3,22,11,2,135,16.3,1174,19:54,31,98,353,237,59.8
549,Casey Mittelstadt\mitteca01,21,BUF,C,31,4,5,9,-5,2,0.5,3,1,0,1,4,1,0,34,11.8,396,12:46,8,11,86,99,46.5
550,Sean Monahan\monahse01,25,CGY,C,61,18,23,41,-20,21,3.6,12,6,0,4,16,7,0,148,12.2,1106,18:08,18,60,475,434,52.3
551,Brandon Montour\montobr01,25,BUF,D,44,3,10,13,11,20,3.2,3,0,0,0,8,2,0,76,3.9,837,19:01,42,50,0,0,
552,John Moore\moorejo01,29,BOS,D,22,2,1,3,-1,11,0.7,2,0,0,0,1,0,0,32,6.3,364,16:33,23,31,0,0,
553,Trevor Moore\mooretr01,24,TOT,LW,31,4,2,6,-3,4,0.1,4,0,0,0,1,0,1,46,8.7,400,12:55,12,59,4,8,33.3
553,Trevor Moore\mooretr01,24,TOR,LW,27,3,2,5,-3,4,0,3,0,0,0,1,0,1,41,7.3,348,12:53,12,53,2,6,25
553,Trevor Moore\mooretr01,24,LAK,LW,4,1,0,1,0,0,0.1,1,0,0,0,0,0,0,5,20,52,13:03,0,6,2,2,50
554,Samuel Morin\morinsa01,24,PHI,D,1,0,0,0,-1,0,-0.1,0,0,0,0,0,0,0,0,,13,12:32,0,2,0,0,
555,Josh Morrissey\morrijo04,24,WPG,D,58,4,23,27,-4,20,4,3,1,0,0,14,9,0,106,3.8,1335,23:01,51,31,0,0,
556,Tyler Motte\mottety01,24,VAN,C,24,3,2,5,-4,10,0.1,3,0,0,0,2,0,0,26,11.5,306,12:46,25,79,7,11,38.9
557,Mirco Mueller\muellmi01,24,NJD,D,39,2,3,5,-10,21,0.6,2,0,0,0,3,0,0,24,8.3,650,16:40,65,45,0,0,
558,Connor Murphy\murphco02,26,CHI,D,47,4,13,17,3,17,3,4,0,0,0,12,0,1,95,4.2,989,21:02,110,98,0,0,
559,Ryan Murray\murrary01,26,CBJ,D,24,2,5,7,-7,4,1.1,2,0,0,0,4,1,0,29,6.9,473,19:43,43,12,0,0,
560,Jake Muzzin\muzzija01,30,TOR,D,49,4,13,17,7,40,2.9,4,0,0,0,12,0,1,88,4.5,1063,21:41,97,105,0,0,
561,Philippe Myers\myersph01,23,PHI,D,41,3,11,14,14,24,3.4,3,0,0,0,11,0,0,63,4.8,695,16:56,38,65,0,0,
562,Tyler Myers\myersty01,29,VAN,D,59,6,12,18,-1,43,3.4,4,1,1,1,7,5,0,120,5,1263,21:24,90,79,0,0,
563,Vladislav Namestnikov\namesvl01,27,TOT,C,55,12,12,24,-8,35,2.1,8,1,3,2,8,2,2,86,14,829,15:05,40,94,21,21,50
563,Vladislav Namestnikov\namesvl01,27,OTT,C,53,12,12,24,-6,33,2.2,8,1,3,2,8,2,2,83,14.5,802,15:08,38,93,19,19,50
563,Vladislav Namestnikov\namesvl01,27,NYR,C,2,0,0,0,-2,2,-0.1,0,0,0,0,0,0,0,3,0,27,13:30,2,1,2,2,50
564,Riley Nash\nashri02,30,CBJ,C,55,4,8,12,5,8,0.9,3,0,1,1,8,0,0,56,7.1,636,11:34,31,58,198,221,47.3
565,James Neal\nealja01,32,EDM,LW,50,19,10,29,-21,10,2.8,7,12,0,2,5,5,0,107,17.8,833,16:39,14,79,9,19,32.1
566,Martin Necas\necasma01,21,CAR,C,54,15,16,31,-2,18,3.2,10,5,0,3,14,2,0,74,20.3,762,14:07,18,50,9,30,23.1
567,Brock Nelson\nelsobr01,28,NYI,C,58,21,24,45,6,30,5.2,17,4,0,5,22,2,0,151,13.9,1093,18:51,43,44,512,490,51.1
568,Patrik Nemeth\nemetpa01,27,DET,D,55,1,7,8,-12,28,2.1,1,0,0,1,6,0,1,72,1.4,1213,22:04,77,69,0,0,
569,Aaron Ness\nessaa01,29,ARI,D,21,0,1,1,0,0,0.5,0,0,0,0,1,0,0,11,0,264,12:34,17,16,0,0,
570,Valeri Nichushkin\nichuva01,24,COL,RW,53,12,12,24,26,12,3.3,10,1,1,3,12,0,0,89,13.5,719,13:33,17,68,2,3,40
571,Nino Niederreiter\niedeni01,27,CAR,RW,57,8,17,25,-3,36,1.7,6,2,0,2,11,6,0,93,8.6,852,14:57,19,40,1,3,25
572,Frans Nielsen\nielsfr01,35,DET,C,50,3,4,7,-10,6,-0.2,2,0,1,0,2,1,1,74,4.1,693,13:51,24,35,181,207,46.6
573,Matthew Nieto\nietoma01,27,COL,LW,58,8,12,20,9,4,1.7,6,0,2,3,12,0,0,75,10.7,762,13:08,16,32,2,3,40
574,Boo Nieves\nievecr01,26,NYR,C,4,0,0,0,2,4,0,0,0,0,0,0,0,0,2,0,30,07:32,2,3,14,5,73.7
575,Sami Niku\nikusa01,23,WPG,D,16,0,5,5,-4,12,0.4,0,0,0,0,5,0,0,26,0,261,16:17,18,15,0,0,
576,Matt Niskanen\niskama01,33,PHI,D,58,7,22,29,-1,27,4.7,3,3,1,0,14,8,0,112,6.3,1269,21:52,65,103,0,0,
577,Stefan Noesen\noesest01,26,TOT,RW,29,5,1,6,-6,26,0.4,5,0,0,1,1,0,0,51,9.8,318,10:58,9,54,5,6,45.5
577,Stefan Noesen\noesest01,26,SJS,RW,23,4,1,5,-6,26,0.3,4,0,0,1,1,0,0,43,9.3,259,11:16,8,44,2,5,28.6
577,Stefan Noesen\noesest01,26,PIT,RW,6,1,0,1,0,0,0.1,1,0,0,0,0,0,0,8,12.5,59,09:51,1,10,3,1,75
578,Joakim Nordstrom\nordsjo02,27,BOS,C,42,4,3,7,-6,8,0,4,0,0,0,3,0,0,44,9.1,513,12:12,27,80,1,6,14.3
579,Tomas Nosek\nosekto01,27,VEG,C,57,6,5,11,-2,20,0.5,5,0,1,1,5,0,0,77,7.8,657,11:31,31,85,182,172,51.4
580,Ryan Nugent-Hopkins\nugenry01,26,EDM,C,53,15,29,44,-2,29,4.3,9,6,0,3,17,12,0,135,11.1,1077,20:19,34,26,197,190,50.9
581,Darnell Nurse\nurseda01,24,EDM,D,59,5,21,26,3,44,4.9,5,0,0,1,18,3,0,139,3.6,1348,22:51,107,138,0,0,
582,Markus Nutivaara\nutivma01,25,CBJ,D,28,3,2,5,4,2,1.8,3,0,0,0,2,0,0,33,9.1,421,15:02,29,25,0,0,
583,Joakim Nygard\nygarjo01,27,EDM,F,33,3,6,9,0,8,0.7,2,1,0,0,6,0,0,39,7.7,353,10:41,8,18,3,3,50
584,Alexander Nylander\nylanal01,21,CHI,LW,54,8,11,19,-4,10,1.4,8,0,0,1,9,2,0,81,9.9,670,12:24,12,24,5,13,27.8
585,William Nylander\nylanwi01,23,TOR,C,58,26,25,51,0,8,5.8,20,6,0,5,17,8,0,167,15.6,1051,18:07,11,8,105,101,51
586,Gustav Nyquist\nyquigu01,30,CBJ,RW,60,12,25,37,3,16,3.7,8,3,1,3,19,6,0,124,9.7,1067,17:47,21,30,17,16,51.5
587,Logan O'Connor\oconnlo01,23,COL,RW,7,1,0,1,3,2,0.2,1,0,0,0,0,0,0,8,12.5,70,09:59,4,3,0,0,
588,Ryan O'Reilly\oreilry01,28,STL,C,59,10,41,51,5,10,4.3,7,2,1,2,26,15,0,102,9.8,1226,20:47,35,15,733,568,56.3
589,Jordan Oesterle\oestejo01,27,ARI,D,50,2,8,10,-7,10,1.8,2,0,0,0,7,1,0,57,3.5,832,16:39,81,40,0,0,
590,Kyle Okposo\okposky01,31,BUF,RW,42,6,7,13,-3,28,1,5,1,0,1,7,0,0,58,10.3,520,12:23,11,40,28,26,51.9
591,Jamie Oleksiak\oleksja01,27,DAL,D,59,1,6,7,-4,35,1.8,1,0,0,0,6,0,0,69,1.4,933,15:49,53,134,0,0,
592,Mathieu Olivier\olivima01,22,NSH,F,8,0,1,1,1,4,0,0,0,0,0,1,0,0,6,0,60,07:33,1,17,0,0,
593,Gustav Olofsson\olofsgu01,25,MTL,D,3,0,0,0,-4,2,-0.3,0,0,0,0,0,0,0,2,0,24,08:06,6,1,0,0,
594,Victor Olofsson\olofsvi01,24,BUF,RW,44,18,20,38,1,4,4.4,8,10,0,4,14,6,0,105,17.1,826,18:46,16,8,0,0,
595,Dmitry Orlov\orlovdm01,28,WSH,D,59,3,21,24,5,30,3.7,2,1,0,2,16,4,1,94,3.2,1305,22:08,67,95,0,0,
596,T.J. Oshie\oshietj01,33,WSH,C,59,24,20,44,3,26,5.1,14,10,0,3,18,2,0,109,22,1090,18:28,45,81,102,110,48.1
597,Xavier Ouellet\ouellxa01,26,MTL,D,5,0,1,1,2,0,0.3,0,0,0,0,1,0,0,4,0,70,14:05,6,15,0,0,
598,Alex Ovechkin\ovechal01,34,WSH,LW,58,40,17,57,-14,26,7.3,28,12,0,3,12,5,0,276,14.5,1213,20:54,22,155,1,0,100
599,Max Pacioretty\pacioma01,31,VEG,LW,61,27,29,56,14,36,7.3,21,6,0,3,18,11,0,270,10,1090,17:53,29,81,47,41,53.4
600,Jean-Gabriel Pageau\pageaje01,27,OTT,C,57,22,14,36,9,20,4.5,16,3,3,4,8,5,1,125,17.6,1104,19:22,45,110,509,457,52.7
601,Ondrej Palat\palaton01,28,TBL,LW,59,14,23,37,26,20,4.3,10,3,1,2,19,4,0,111,12.6,971,16:27,54,120,7,10,41.2
602,Kyle Palmieri\palmiky01,28,NJD,RW,54,22,19,41,4,41,5,12,10,0,3,13,6,0,132,16.7,925,17:08,29,60,11,22,33.3
603,Artemi Panarin\panarar01,28,NYR,LW,57,29,49,78,29,18,9.8,23,6,0,4,36,13,0,180,16.1,1161,20:22,12,21,1,1,50
604,Richard Panik\panikri01,28,WSH,RW,49,7,7,14,10,32,1.5,7,0,0,0,7,0,0,56,12.5,565,11:32,16,64,10,7,58.8
605,Cedric Paquette\paquece01,26,TBL,C,52,6,9,15,-4,30,0.6,5,0,1,0,9,0,0,68,8.8,694,13:20,40,156,274,273,50.1
606,Colton Parayko\parayco01,26,STL,D,52,6,13,19,3,12,3.6,4,2,0,0,10,2,1,120,5,1195,22:59,94,73,0,0,
607,Zach Parise\parisza01,35,MIN,LW,58,21,15,36,-14,8,3.5,9,11,1,3,11,4,0,128,16.4,998,17:12,31,24,33,30,52.4
608,David Pastrnak\pastrda01,23,BOS,RW,60,42,40,82,18,32,11.4,24,18,0,7,23,17,0,236,17.8,1155,19:15,19,45,6,10,37.5
609,Greg Pateryn\patergr01,29,MIN,D,10,0,0,0,1,2,0.2,0,0,0,0,0,0,0,12,0,156,15:39,19,15,0,0,
610,Nick Paul\paulni01,24,OTT,LW,44,7,7,14,-2,22,1.1,7,0,0,2,6,1,0,77,9.1,617,14:01,30,101,144,124,53.7
611,Joe Pavelski\paveljo01,35,DAL,C,57,13,15,28,6,22,3,7,6,0,3,10,4,1,110,11.8,983,17:14,45,51,294,261,53
612,Tanner Pearson\pearsta01,27,VAN,LW,59,17,24,41,1,27,4.2,12,3,2,2,16,7,1,141,12.1,977,16:34,36,74,3,11,21.4
613,Matthew Peca\pecama01,26,MTL,C,5,0,0,0,-2,0,-0.2,0,0,0,0,0,0,0,4,0,45,09:06,1,3,1,1,50
614,Andrew Peeke\peekean01,21,CBJ,D,12,1,1,2,4,2,0.8,1,0,0,0,1,0,0,8,12.5,158,13:12,12,17,0,0,
615,Adam Pelech\pelecad01,25,NYI,D,38,1,8,9,4,20,2.2,1,0,0,0,6,0,2,49,2,803,21:08,83,81,0,0,
616,Brendan Perlini\perlibr01,23,TOT,LW,34,1,2,3,-16,8,-0.7,1,0,0,0,2,0,0,43,2.3,372,10:57,9,22,0,0,
616,Brendan Perlini\perlibr01,23,DET,LW,33,1,2,3,-16,8,-0.6,1,0,0,0,2,0,0,42,2.4,365,11:03,9,21,0,0,
616,Brendan Perlini\perlibr01,23,CHI,LW,1,0,0,0,0,0,0,0,0,0,0,0,0,0,1,0,8,07:49,0,1,0,0,
617,Mathieu Perreault\perrema01,32,WPG,C,46,6,8,14,-9,10,0.6,5,1,0,0,8,0,0,68,8.8,616,13:23,18,60,12,6,66.7
618,David Perron\perroda01,31,STL,LW,59,23,33,56,1,52,6.1,14,9,0,8,16,17,0,145,15.9,1102,18:40,15,62,2,2,50
619,Corey Perry\perryco01,34,DAL,RW,47,4,12,16,0,62,1.1,4,0,0,0,8,4,0,60,6.7,632,13:27,27,43,4,6,40
620,Joel Persson\perssjo02,25,EDM,D,13,0,2,2,-1,2,0.3,0,0,0,0,2,0,0,17,0,199,15:19,10,6,0,0,
621,Brett Pesce\pescebr01,25,CAR,D,58,4,14,18,10,27,4,4,0,0,0,12,0,2,100,4,1277,22:01,85,22,0,0,
622,Nic Petan\petanni01,24,TOR,C,16,0,3,3,-4,4,-0.2,0,0,0,0,3,0,0,19,0,178,11:07,4,7,1,3,25
623,Jeff Petry\petryje01,32,MTL,D,61,8,27,35,-12,24,4.8,5,2,1,2,18,9,0,142,5.6,1439,23:36,72,152,0,0,
624,Elias Pettersson\petteel01,21,VAN,C,58,24,34,58,12,16,6.8,16,8,0,5,20,14,0,142,16.9,1071,18:28,35,56,57,74,43.5
625,Marcus Pettersson\pettema01,23,PIT,D,57,1,16,17,8,29,3.3,1,0,0,0,15,1,0,62,1.6,1118,19:36,68,86,0,0,
626,Alex Pietrangelo\pietral01,30,STL,D,59,13,34,47,7,18,7.6,8,5,0,3,17,16,1,190,6.8,1429,00:13,74,38,0,0,
627,Lawrence Pilut\pilutla01,24,BUF,D,11,0,0,0,-4,2,-0.1,0,0,0,0,0,0,0,5,0,177,16:08,19,9,0,0,
628,Neal Pionk\pionkne01,24,WPG,D,60,6,32,38,5,28,6,3,3,0,1,13,19,0,135,4.4,1411,23:31,65,138,0,0,
629,Brandon Pirri\pirribr01,28,VEG,C,11,0,1,1,-3,6,-0.3,0,0,0,0,1,0,0,19,0,142,12:52,2,9,4,3,57.1
630,Tyler Pitlick\pitlity01,28,PHI,C,53,6,10,16,5,12,1.4,6,0,0,0,10,0,0,62,9.7,621,11:43,34,108,5,11,31.3
631,Ryan Poehling\poehlry01,21,MTL,C,27,1,1,2,-4,4,-0.3,1,0,0,0,1,0,0,26,3.8,279,10:20,10,38,3,12,20
632,Austin Poganski\poganau01,23,STL,RW,1,0,0,0,0,0,0,0,0,0,0,0,0,0,0,,6,05:54,0,0,0,0,
633,Brayden Point\pointbr01,23,TBL,C,57,21,36,57,29,11,6.9,14,7,0,4,32,4,0,123,17.1,1071,18:47,25,21,351,339,50.9
634,Roman Polak\polakro01,33,DAL,D,36,0,4,4,-4,10,0.9,0,0,0,0,4,0,0,30,0,609,16:54,87,96,0,0,
635,Tucker Poolman\poolmtu01,26,WPG,D,46,2,11,13,-6,10,1.8,2,0,0,0,11,0,0,56,3.6,831,18:04,49,48,0,0,
636,Derrick Pouliot\poulide01,26,STL,D,2,0,0,0,-1,2,-0.1,0,0,0,0,0,0,0,1,0,17,08:20,1,2,0,0,
637,Nikolai Prokhorkin\prokhni01,26,LAK,LW,34,4,9,13,-4,6,1,4,0,0,1,6,3,0,52,7.7,423,12:27,5,30,82,96,46.1
638,Dalton Prout\proutda01,29,SJS,D,2,0,0,0,0,7,0,0,0,0,0,0,0,0,2,0,26,12:49,3,3,0,0,
639,Ivan Provorov\provoiv01,23,PHI,D,59,11,19,30,-1,20,5.4,4,7,0,3,11,7,1,131,8.4,1471,00:55,94,68,0,0,
640,Ryan Pulock\pulocry01,25,NYI,D,58,7,23,30,11,14,6,5,2,0,3,18,5,0,133,5.3,1291,22:16,108,90,0,0,
641,Mark Pysyk\pysykma01,28,FLA,D,48,8,8,16,6,20,3,8,0,0,1,8,0,0,52,15.4,616,12:50,31,41,2,2,50
642,John Quenneville\quennjo02,23,CHI,C,9,0,0,0,-1,0,-0.2,0,0,0,0,0,0,0,14,0,99,11:03,3,21,3,1,75
643,Alan Quine\quineal01,26,CGY,C,9,1,0,1,-1,4,0,1,0,0,0,0,0,0,12,8.3,88,09:48,2,6,1,0,100
644,Lukas Radil\radillu01,29,SJS,C,14,0,0,0,-3,8,-0.3,0,0,0,0,0,0,0,12,0,132,09:24,2,16,1,3,25
645,Alexander Radulov\radulal01,33,DAL,RW,52,15,16,31,12,40,3.9,8,7,0,3,14,2,0,114,13.2,877,16:52,37,40,4,10,28.6
646,Michael Raffl\rafflmi01,31,PHI,LW,48,6,10,16,-7,10,1,6,0,0,1,9,1,0,56,10.7,595,12:24,21,61,94,94,50
647,Rickard Rakell\rakelri01,26,ANA,RW,53,13,21,34,-6,10,3.1,11,2,0,1,13,5,3,146,8.9,966,18:14,23,71,7,2,77.8
648,Mikko Rantanen\rantami01,23,COL,RW,42,19,22,41,-2,14,4.5,11,8,0,5,16,6,0,107,17.8,796,18:57,23,28,44,31,58.7
649,Victor Rask\raskvi01,26,MIN,C,40,4,7,11,5,6,1,4,0,0,2,7,0,0,34,11.8,424,10:37,8,23,113,148,43.3
650,Ryan Reaves\reavery01,33,VEG,RW,61,6,4,10,-5,47,0.4,6,0,0,0,4,0,0,50,12,601,09:51,18,257,21,23,47.7
651,Mike Reilly\reillmi01,26,TOT,D,32,1,9,10,-1,18,1.5,0,1,0,1,4,5,0,54,1.9,548,17:07,30,22,0,0,
651,Mike Reilly\reillmi01,26,OTT,D,18,1,5,6,-3,12,0.8,0,1,0,1,0,5,0,33,3,352,19:33,17,10,0,0,
651,Mike Reilly\reillmi01,26,MTL,D,14,0,4,4,2,6,0.7,0,0,0,0,4,0,0,21,0,196,13:59,13,12,0,0,
652,Sam Reinhart\reinhsa01,24,BUF,C,59,21,27,48,-6,20,4.8,16,5,0,2,21,6,0,123,17.1,1219,20:39,20,33,20,31,39.2
653,Anthony Richard\richaan01,23,NSH,C,1,0,0,0,-1,0,0,0,0,0,0,0,0,0,2,0,4,04:10,0,0,0,0,
654,Brad Richardson\richabr02,34,ARI,C,51,4,4,8,-1,20,0.2,4,0,0,2,4,0,0,60,6.7,702,13:46,37,64,311,265,54
655,Tobias Rieder\riedeto01,27,CGY,C,47,4,5,9,-11,6,0.1,3,0,1,0,4,0,1,66,6.1,520,11:03,20,28,11,42,20.8
656,Morgan Rielly\riellmo01,25,TOR,D,46,3,24,27,6,22,3.8,3,0,0,2,17,7,0,122,2.5,1116,00:15,66,37,0,1,0
657,Juuso Riikola\riikoju01,26,PIT,D,32,1,6,7,5,6,1.5,1,0,0,0,4,2,0,35,2.9,441,13:48,23,68,0,0,
658,Zac Rinaldo\rinalza01,29,CGY,C,18,3,2,5,0,34,0.6,3,0,0,2,2,0,0,19,15.8,152,08:28,8,64,0,0,
659,Rasmus Ristolainen\ristora01,25,BUF,D,59,5,23,28,-1,42,4.5,3,2,0,0,18,4,1,108,4.6,1335,22:37,67,176,0,0,
660,Brett Ritchie\ritchbr01,26,BOS,RW,27,2,4,6,-3,21,0.2,2,0,0,1,3,1,0,34,5.9,281,10:24,3,89,2,3,40
661,Nick Ritchie\ritchni01,24,ANA,LW,38,6,9,15,0,76,1.3,4,2,0,2,8,1,0,66,9.1,542,14:16,10,71,1,7,12.5
662,Jason Robertson\roberja01,20,DAL,LW,3,0,1,1,0,0,0,0,0,0,0,0,1,0,4,0,37,12:19,0,1,0,0,
663,Buddy Robinson\robinbu01,28,CGY,RW,5,1,0,1,0,7,0.1,1,0,0,0,0,0,0,6,16.7,61,12:14,5,14,0,0,
664,Eric Robinson\robiner01,24,CBJ,LW,40,5,5,10,10,12,1.3,5,0,0,2,5,0,0,58,8.6,425,10:38,11,64,3,5,37.5
665,Evan Rodrigues\rodriev01,26,BUF,C,37,5,4,9,-8,10,0.4,4,1,0,1,4,0,0,61,8.2,419,11:19,13,20,93,108,46.3
666,Kevin Rooney\rooneke01,26,NJD,C,38,4,5,9,5,16,0.8,2,0,2,0,4,0,1,37,10.8,432,11:22,23,45,167,175,48.8
667,Calle Rosen\rosenca01,25,COL,D,8,0,2,2,2,4,0.4,0,0,0,0,2,0,0,10,0,111,13:49,5,3,0,0,
668,Jack Roslovic\rosloja01,23,WPG,C,60,12,13,25,4,10,2.3,11,1,0,0,12,1,0,101,11.9,890,14:50,16,46,61,56,52.1
669,Antoine Roussel\roussan01,30,VAN,LW,31,6,5,11,-2,39,1,5,1,0,0,4,1,0,39,15.4,374,12:04,11,34,5,5,50
670,Carter Rowney\rowneca01,30,ANA,RW,59,6,8,14,2,12,1,4,0,2,1,6,0,2,55,10.9,751,12:43,35,159,35,42,45.5
671,Matt Roy\royma04,24,LAK,D,59,4,11,15,4,8,3.7,4,0,0,0,11,0,0,97,4.1,1049,17:46,85,105,0,0,
672,Nicolas Roy\royni01,22,VEG,C,19,3,3,6,1,8,0.6,3,0,0,1,3,0,0,23,13,189,09:57,2,30,67,75,47.2
673,German Rubtsov\rubtsge01,21,PHI,C,4,0,0,0,-1,0,-0.1,0,0,0,0,0,0,0,1,0,27,06:48,4,4,6,8,42.9
674,Chad Ruhwedel\ruhwech01,29,PIT,D,34,2,4,6,5,10,1.6,2,0,0,0,4,0,0,36,5.6,503,14:47,21,65,0,0,
675,Kris Russell\russekr01,32,EDM,D,49,0,8,8,-2,14,1.6,0,0,0,0,7,0,1,39,0,833,17:01,93,65,0,0,
676,Patrick Russell\russepa01,27,EDM,RW,39,0,4,4,-7,10,-0.5,0,0,0,0,4,0,0,52,0,457,11:44,23,60,2,2,50
677,Bryan Rust\rustbr01,27,PIT,RW,43,22,23,45,17,24,5.9,15,6,1,4,15,7,1,125,17.6,865,20:06,29,53,2,5,28.6
678,Jan Rutta\ruttaja02,29,TBL,D,33,1,6,7,6,14,1.5,1,0,0,0,6,0,0,43,2.3,513,15:33,21,19,0,0,
679,Bobby Ryan\ryanbo01,32,OTT,LW,16,1,3,4,0,11,0.2,1,0,0,0,3,0,0,21,4.8,196,12:15,3,24,2,1,66.7
680,Derek Ryan\ryande01,33,CGY,C,59,10,18,28,9,10,2.9,8,1,1,0,14,3,1,92,10.9,877,14:51,30,12,338,317,51.6
681,Joakim Ryan\ryanjo02,26,LAK,D,32,1,3,4,-6,10,0.9,1,0,0,0,3,0,0,48,2.1,614,19:12,45,20,0,0,
682,Brandon Saad\saadbr01,27,CHI,LW,47,18,10,28,0,14,3.3,16,0,2,4,10,0,0,109,16.5,783,16:39,18,29,21,32,39.6
683,Aleksi Saarela\saareal01,23,FLA,C,3,0,0,0,0,0,-0.1,0,0,0,0,0,0,0,3,0,35,11:41,1,0,1,3,25
684,Scott Sabourin\sabousc01,27,OTT,F,23,1,2,3,-6,21,-0.1,1,0,0,0,2,0,0,17,5.9,145,06:18,9,51,0,1,0
685,Miikka Salomaki\salommi01,26,NSH,RW,5,1,0,1,2,4,0.2,1,0,0,1,0,0,0,2,50,61,12:09,3,9,0,0,
686,Rasmus Sandin\sandira01,19,TOR,D,20,1,6,7,-1,6,0.8,1,0,0,1,4,2,0,19,5.3,275,13:45,16,25,0,0,
687,Zach Sanford\sanfoza01,25,STL,LW,46,13,13,26,14,24,3.4,13,0,0,1,13,0,0,68,19.1,610,13:16,23,90,1,5,16.7
688,Travis Sanheim\sanhetr01,23,PHI,D,59,8,11,19,-1,24,3.7,8,0,0,0,8,3,0,104,7.7,1184,20:04,65,32,0,0,
689,Steven Santini\santist01,24,NSH,D,2,0,0,0,1,2,0.1,0,0,0,0,0,0,0,1,0,19,09:33,0,3,0,0,
690,Ashton Sautner\sautnas01,25,VAN,D,1,0,0,0,0,0,0,0,0,0,0,0,0,0,1,0,3,02:49,0,0,0,0,
691,David Savard\savarda01,29,CBJ,D,58,0,8,8,3,29,2.8,0,0,0,0,8,0,0,79,0,1176,20:17,135,108,0,0,
692,Luca Sbisa\sbisalu01,30,WPG,D,44,2,8,10,1,37,2,2,0,0,0,8,0,0,49,4.1,789,17:56,71,91,0,0,
693,Marco Scandella\scandma01,29,TOT,D,51,4,8,12,10,16,3.2,4,0,0,0,8,0,0,60,6.7,867,17:00,53,63,0,0,
693,Marco Scandella\scandma01,29,BUF,D,31,3,6,9,9,8,2.4,3,0,0,0,6,0,0,39,7.7,514,16:36,34,38,0,0,
693,Marco Scandella\scandma01,29,MTL,D,20,1,2,3,1,8,0.8,1,0,0,0,2,0,0,21,4.8,353,17:38,19,25,0,0,
694,Colton Sceviour\scevico01,30,FLA,C,59,6,10,16,0,6,0.7,6,0,0,0,10,0,0,96,6.3,779,13:12,60,72,49,67,42.2
695,Tim Schaller\schalti01,29,VAN,LW,51,5,1,6,-13,14,-0.4,4,0,1,0,1,0,0,48,10.4,597,11:42,28,49,3,11,21.4
696,Mark Scheifele\scheima01,26,WPG,C,60,23,36,59,-5,45,5.7,16,7,0,5,27,9,0,143,16.1,1306,21:46,41,33,502,572,46.7
697,Brayden Schenn\schenbr01,28,STL,C,59,20,27,47,-11,42,4.5,11,9,0,2,17,10,0,120,16.7,1096,18:35,15,110,329,342,49
698,Luke Schenn\schenlu01,30,TBL,D,21,1,1,2,-6,21,0,1,0,0,0,1,0,0,23,4.3,265,12:38,19,69,0,0,
699,Nick Schmaltz\schmani01,23,ARI,C,62,8,32,40,4,18,3.7,6,2,0,2,23,9,0,77,10.4,956,15:25,31,9,149,194,43.4
700,Nate Schmidt\schmina01,28,VEG,D,49,7,21,28,2,10,4.6,6,1,0,0,17,4,0,97,7.2,1064,21:42,77,22,0,0,
701,Justin Schultz\schulju01,29,PIT,D,34,2,6,8,-6,0,1.1,2,0,0,0,3,3,0,68,2.9,676,19:54,35,29,0,0,
702,Jaden Schwartz\schwaja01,27,STL,C,59,18,27,45,-12,14,4.1,9,9,0,4,17,10,0,142,12.7,1075,18:13,26,44,7,11,38.9
703,Brent Seabrook\seabrbr01,34,CHI,D,32,3,1,4,1,8,1.2,2,1,0,1,1,0,0,40,7.5,581,18:09,61,52,0,0,
704,Nick Seeler\seeleni01,26,TOT,D,8,0,1,1,-7,15,-0.4,0,0,0,0,1,0,0,5,0,91,11:26,13,12,0,0,
704,Nick Seeler\seeleni01,26,MIN,D,6,0,0,0,-6,8,-0.4,0,0,0,0,0,0,0,4,0,62,10:19,9,5,0,0,
704,Nick Seeler\seeleni01,26,CHI,D,2,0,1,1,-1,7,0,0,0,0,0,1,0,0,1,0,30,14:46,4,7,0,0,
705,Tyler Seguin\seguity01,28,DAL,C,59,14,32,46,1,18,4.5,11,3,0,5,20,12,0,213,6.6,1134,19:13,25,78,463,320,59.1
706,Andrej Sekera\sekeran01,33,DAL,D,49,2,6,8,10,14,3,1,0,1,0,6,0,0,55,3.6,888,18:07,68,33,0,0,
707,Brett Seney\seneybr01,23,NJD,LW,2,0,0,0,-1,0,-0.1,0,0,0,0,0,0,0,1,0,20,09:56,0,2,0,2,0
708,Zachary Senyshyn\senysza01,22,BOS,RW,4,0,2,2,1,0,0.2,0,0,0,0,2,0,0,1,0,34,08:26,1,2,1,0,100
709,Mikhail Sergachev\sergami01,21,TBL,D,60,9,21,30,15,45,5.7,4,5,0,0,16,5,0,95,9.5,1190,19:50,87,94,0,0,
710,Damon Severson\severda01,25,NJD,D,58,7,18,25,-17,46,3.3,5,2,0,1,12,6,0,97,7.2,1320,22:46,79,68,0,0,
711,Michael Sgarbossa\sgarbmi01,27,WSH,C,2,0,0,0,0,0,0,0,0,0,0,0,0,0,1,0,16,08:07,0,3,3,3,50
712,Kevin Shattenkirk\shattke01,31,TBL,D,60,7,23,30,24,28,6.2,6,1,0,0,18,5,0,111,6.3,1140,19:00,59,53,0,0,
713,Andrew Shaw\shawan01,28,CHI,C,26,3,7,10,-4,33,0.5,2,1,0,0,6,1,0,46,6.5,376,14:27,9,74,42,51,45.2
714,Logan Shaw\shawlo01,28,WPG,RW,32,2,1,3,-1,0,0.1,2,0,0,0,1,0,0,16,12.5,218,06:49,12,23,11,9,55
715,Riley Sheahan\sheahri01,28,EDM,C,54,7,6,13,-5,6,0.8,6,0,1,1,5,0,1,58,12.1,686,12:42,21,21,341,349,49.4
716,Conor Sheary\shearco01,27,BUF,LW,52,9,10,19,-2,8,1.7,8,1,0,1,8,2,0,86,10.5,674,12:58,23,25,0,0,
717,Kole Sherwood\sherwko01,23,CBJ,RW,3,0,0,0,0,2,0,0,0,0,0,0,0,0,6,0,20,06:38,1,10,0,1,0
718,Devin Shore\shorede01,25,ANA,C,36,3,6,9,-6,8,0.3,3,0,0,1,4,2,0,44,6.8,435,12:06,13,44,37,37,50
719,Nick Shore\shoreni01,27,TOT,C,52,3,2,5,0,16,0,3,0,0,0,2,0,0,34,8.8,472,09:04,16,47,170,144,54.1
719,Nick Shore\shoreni01,27,WPG,C,31,1,1,2,-2,4,-0.2,1,0,0,0,1,0,0,27,3.7,278,08:58,9,30,84,75,52.8
719,Nick Shore\shoreni01,27,TOR,C,21,2,1,3,2,12,0.2,2,0,0,0,1,0,0,7,28.6,194,09:13,7,17,86,69,55.5
720,Jonas Siegenthaler\siegejo01,22,WSH,D,58,2,7,9,7,39,2,2,0,0,1,7,0,0,42,4.8,920,15:51,94,48,0,0,
721,Dylan Sikura\sikurdy01,24,CHI,C,9,1,2,3,1,0,0.3,1,0,0,0,2,0,0,10,10,89,09:54,2,0,0,3,0
722,Jakob Silfverberg\silfvja01,29,ANA,LW,54,18,16,34,2,14,4,13,3,2,1,13,3,0,122,14.8,940,17:24,29,26,8,31,20.5
723,Radim Simek\simekra01,27,SJS,D,37,1,6,7,-13,10,0.7,1,0,0,0,6,0,0,26,3.8,595,16:05,38,76,0,0,
724,Wayne Simmonds\simmowa01,31,NJD,RW,58,7,16,23,-16,60,1,3,4,0,1,12,4,0,105,6.7,886,15:17,25,123,28,43,39.4
725,Dominik Simon\simondo01,25,PIT,C,57,7,15,22,-5,12,1.3,7,0,0,0,14,1,0,93,7.5,839,14:43,13,47,15,26,36.6
726,Colton Sissons\sissoco01,26,NSH,C,46,7,6,13,-3,18,0.7,6,0,1,2,6,0,0,43,16.3,655,14:14,31,71,249,241,50.8
727,Jeff Skinner\skinnje01,27,BUF,LW,49,11,9,20,-16,16,1.2,11,0,0,1,6,3,0,149,7.4,815,16:38,11,19,27,42,39.1
728,Brady Skjei\skjeibr01,25,NYR,D,57,7,15,22,-8,41,3.2,7,0,0,0,13,0,2,120,5.8,1182,20:44,83,97,0,0,
729,Jaccob Slavin\slavija01,25,CAR,D,58,5,25,30,29,10,6.8,5,0,0,3,22,2,1,121,4.1,1337,23:03,89,35,0,0,
730,Brendan Smith\smithbr05,30,NYR,D,53,3,3,6,-12,60,0.4,2,0,1,0,2,0,1,37,8.1,533,10:04,27,76,1,0,100
731,Craig Smith\smithcr01,30,NSH,C,58,17,11,28,21,32,3.9,14,3,0,2,9,2,0,144,11.8,769,13:15,16,48,8,12,40
732,Dalton Smith\smithda03,27,BUF,LW,1,0,0,0,1,2,0,0,0,0,0,0,0,0,0,,1,01:26,0,0,0,0,
733,Gemel Smith\smithge02,25,TBL,C,3,1,0,1,0,4,0.1,1,0,0,0,0,0,0,1,100,28,09:10,2,1,13,7,65
734,Givani Smith\smithgi01,21,DET,RW,21,2,1,3,-2,9,0.2,2,0,0,0,1,0,0,22,9.1,203,09:41,3,42,0,0,
735,Reilly Smith\smithre01,28,VEG,RW,61,23,23,46,10,20,5.7,18,3,2,4,19,2,2,154,14.9,1099,18:01,27,46,3,9,25
736,Zack Smith\smithza01,31,CHI,C,50,4,7,11,2,29,0.6,3,0,1,1,6,0,1,43,9.3,589,11:47,18,112,88,102,46.3
737,Vladimir Sobotka\sobotvl01,32,BUF,C,16,1,2,3,2,4,0.1,1,0,0,0,2,0,0,23,4.3,228,14:16,7,26,39,31,55.7
738,Carl Soderberg\soderca01,34,ARI,C,62,14,16,30,3,16,3.2,10,4,0,1,11,5,0,106,13.2,989,15:57,38,68,235,284,45.3
739,Marcus Sorensen\sorenma01,27,SJS,RW,55,6,6,12,-10,24,0.4,6,0,0,0,6,0,0,65,9.2,752,13:40,17,45,2,11,15.4
740,Carson Soucy\soucyca01,25,MIN,D,53,6,6,12,16,16,3.7,5,0,1,1,6,0,0,59,10.2,831,15:41,47,63,0,0,
741,Jason Spezza\spezzja01,36,TOR,C,48,9,13,22,-4,16,2,7,2,0,0,8,5,0,62,14.5,517,10:47,17,10,180,157,53.4
742,Daniel Sprong\spronda01,22,ANA,RW,8,1,1,2,-2,0,0.1,0,1,0,0,1,0,0,17,5.9,113,14:06,3,4,0,0,
743,Jared Spurgeon\spurgja01,30,MIN,D,51,7,18,25,-9,14,3.5,4,3,0,1,10,8,0,95,7.4,1147,22:30,80,44,0,1,0
744,Eric Staal\staaler01,35,MIN,C,58,17,24,41,-10,28,3.8,12,5,0,5,16,8,0,102,16.7,994,17:08,19,22,441,419,51.3
745,Jordan Staal\staaljo01,31,CAR,C,58,7,13,20,1,32,1,5,2,0,0,12,1,0,109,6.4,1037,17:53,30,120,603,506,54.4
746,Marc Staal\staalma01,33,NYR,D,40,2,6,8,6,16,2,2,0,0,0,6,0,0,34,5.9,707,17:40,63,60,0,0,
747,Steven Stamkos\stamkst01,29,TBL,C,54,27,35,62,15,22,7.6,19,8,0,6,26,9,0,167,16.2,999,18:30,38,66,350,284,55.2
748,Paul Stastny\stastpa01,34,VEG,C,61,16,16,32,1,22,3.2,11,5,0,3,11,4,1,116,13.8,1040,17:03,27,59,529,436,54.8
749,Troy Stecher\stechtr01,25,VAN,D,59,3,7,10,3,32,2.3,3,0,0,0,7,0,0,71,4.2,888,15:03,58,60,0,0,
750,Sam Steel\steelsa01,21,ANA,C,54,5,15,20,-8,20,1,4,1,0,1,9,6,0,70,7.1,850,15:44,23,20,314,301,51.1
751,Alex Steen\steenal01,35,STL,C,43,6,10,16,5,10,1.4,6,0,0,0,9,1,0,61,9.8,606,14:06,38,18,4,5,44.4
752,Kevin Stenlund\stenlke01,23,CBJ,C,22,5,2,7,0,6,0.8,2,3,0,1,1,1,0,37,13.5,305,13:53,19,14,26,40,39.4
753,Derek Stepan\stepade01,29,ARI,C,62,9,16,25,-5,14,1.7,7,1,1,2,10,6,0,137,6.6,1098,17:43,44,37,505,551,47.8
754,Mitchell Stephens\stephmi01,22,TBL,C,32,2,3,5,-5,8,-0.1,2,0,0,0,3,0,0,38,5.3,338,10:33,7,27,165,135,55
755,Chandler Stephenson\stephch02,25,TOT,C,56,11,11,22,22,16,2.9,8,1,2,5,9,1,1,54,20.4,791,14:07,29,48,208,245,45.9
755,Chandler Stephenson\stephch02,25,VEG,C,32,8,10,18,17,10,2.5,5,1,2,3,9,1,0,36,22.2,507,15:50,17,28,130,168,43.6
755,Chandler Stephenson\stephch02,25,WSH,C,24,3,1,4,5,6,0.4,3,0,0,2,0,0,1,18,16.7,284,11:50,12,20,78,77,50.3
756,Chris Stewart\stewach02,32,PHI,RW,16,0,1,1,-7,21,-0.4,0,0,0,0,1,0,0,5,0,124,07:47,4,35,0,0,
757,Riley Stillman\stillri01,21,FLA,D,25,0,4,4,-1,7,0.5,0,0,0,0,4,0,0,35,0,498,19:55,48,41,0,0,
758,Mark Stone\stonema01,27,VEG,RW,61,20,37,57,11,25,6.4,14,6,0,3,26,10,1,161,12.4,1188,19:28,43,53,16,29,35.6
759,Michael Stone\stonemi01,29,CGY,D,30,2,4,6,-4,14,1.1,2,0,0,0,4,0,0,50,4,485,16:09,51,45,0,0,
760,Anton Stralman\stralan01,33,FLA,D,59,5,14,19,-1,12,2.6,5,0,0,3,13,0,1,80,6.3,1247,21:09,83,59,0,0,
761,Ben Street\streebe01,32,NJD,C,3,0,1,1,1,0,0.1,0,0,0,0,1,0,0,4,0,24,08:08,0,3,5,6,45.5
762,Dylan Strome\stromdy01,22,CHI,C,47,10,21,31,0,14,2.8,8,2,0,1,16,5,0,72,13.9,763,16:14,23,17,212,256,45.3
763,Ryan Strome\stromry01,26,NYR,C,58,14,36,50,16,40,5,13,1,0,3,22,13,1,114,12.3,1137,19:36,24,34,435,466,48.3
764,Jack Studnicka\studnja01,20,BOS,C,2,0,1,1,2,2,0.1,0,0,0,0,1,0,0,3,0,24,12:08,0,2,9,6,60
765,Nico Sturm\sturmni01,24,MIN,C,6,0,2,2,2,0,0.2,0,0,0,0,2,0,0,2,0,71,11:54,5,6,26,23,53.1
766,P.K. Subban\subbapk01,30,NJD,D,57,6,7,13,-15,61,2.1,5,1,0,2,6,1,0,134,4.5,1253,21:59,72,72,0,0,
767,C.J. Suess\frankcl01,25,WPG,LW,1,0,0,0,-1,0,0,0,0,0,0,0,0,0,0,,6,06:26,0,1,1,3,25
768,Oskar Sundqvist\sundqos01,25,STL,C,45,11,9,20,2,20,2.1,10,0,1,1,9,0,0,76,14.5,649,14:25,22,49,74,100,42.5
769,Antti Suomela\suomean01,25,SJS,C,14,0,5,5,1,2,0.3,0,0,0,0,5,0,0,11,0,133,09:30,5,16,34,32,51.5
770,Ryan Suter\suterry01,35,MIN,D,58,7,32,39,-13,10,4.8,5,2,0,2,17,15,0,93,7.5,1439,00:48,76,45,0,0,
771,Brandon Sutter\suttebr03,30,VAN,C,34,8,8,16,5,23,1.7,7,1,0,0,6,2,0,66,12.1,507,14:55,12,12,139,151,47.9
772,Nick Suzuki\suzukni01,20,MTL,C,61,12,26,38,-6,6,3.3,7,5,0,1,19,7,0,111,10.8,973,15:57,29,53,249,279,47.2
773,Andrei Svechnikov\svechan01,19,CAR,RW,58,23,31,54,16,42,6.6,18,5,0,4,21,10,0,154,14.9,966,16:40,26,96,0,1,0
774,Evgeny Svechnikov\svechev01,23,DET,LW,4,0,0,0,-1,2,-0.1,0,0,0,0,0,0,0,7,0,33,08:20,1,5,0,0,
775,Jordan Szwarz\szwarjo01,28,OTT,RW,3,0,0,0,0,2,0,0,0,0,0,0,0,0,2,0,15,04:55,1,6,4,5,44.4
776,Brandon Tanev\tanevbr01,28,PIT,LW,57,11,14,25,4,12,2.3,9,0,2,4,12,1,1,84,13.1,848,14:53,59,210,4,9,30.8
777,Chris Tanev\tanevch01,30,VAN,D,59,2,17,19,6,32,3.6,2,0,0,1,15,1,1,36,5.6,1170,19:49,134,31,0,0,
778,Vladimir Tarasenko\tarasvl01,28,STL,RW,10,3,7,10,-2,0,1,2,1,0,0,5,2,0,26,11.5,162,16:11,7,17,0,0,
779,Tomas Tatar\tatarto01,29,MTL,C,61,21,32,53,-3,36,5.9,13,8,0,1,27,5,0,147,14.3,1001,16:25,20,75,9,15,37.5
780,John Tavares\tavarjo01,29,TOR,C,53,23,28,51,-5,20,5.3,17,6,0,4,17,11,0,169,13.6,1039,19:37,25,26,523,429,54.9
781,Matt Tennyson\tennyma01,29,NJD,D,19,0,3,3,-1,6,0.5,0,0,0,0,3,0,0,12,0,232,12:13,17,27,0,0,
782,Teuvo Teravainen\teravte01,25,CAR,F,58,12,44,56,22,8,5.7,8,3,1,0,26,16,2,152,7.9,1111,19:10,25,15,20,22,47.6
783,Troy Terry\terrytr01,22,ANA,C,44,4,10,14,-7,6,0.6,4,0,0,0,8,2,0,70,5.7,633,14:23,9,3,2,5,28.6
784,Alexandre Texier\texieal01,20,CBJ,C,36,6,7,13,3,10,1.4,6,0,0,1,6,1,0,49,12.2,459,12:45,7,20,22,41,34.9
785,Shea Theodore\theodsh01,24,VEG,D,61,8,31,39,10,25,6.7,7,0,1,1,17,14,0,178,4.5,1351,22:08,56,20,0,0,
786,Robert Thomas\thomaro01,20,STL,C,54,9,25,34,5,12,3.2,8,1,0,2,22,3,0,65,13.8,777,14:24,11,11,84,120,41.2
787,Nate Thompson\thompna01,35,MTL,C,60,3,10,13,-2,19,0.3,3,0,0,1,9,0,1,59,5.1,766,12:46,41,100,385,310,55.4
788,Tage Thompson\thompta01,22,BUF,C,1,0,0,0,0,0,0,0,0,0,0,0,0,0,0,,7,06:59,0,2,0,0,
789,Joe Thornton\thornjo01,40,SJS,C,59,2,23,25,-13,32,0.9,1,1,0,1,19,4,0,61,3.3,898,15:13,24,15,265,276,49
790,Chris Tierney\tiernch01,25,OTT,C,59,10,20,30,-2,12,2.4,5,1,4,1,20,0,0,80,12.5,1001,16:58,30,39,435,405,51.8
791,Dmytro Timashov\timasdm01,23,TOR,LW,38,4,5,9,0,14,0.7,4,0,0,1,5,0,0,33,12.1,306,08:03,10,80,0,0,
792,Conor Timmins\timmico01,21,COL,D,2,0,0,0,2,0,0.2,0,0,0,0,0,0,0,1,0,21,10:25,0,0,0,0,
793,Jarred Tinordi\tinorja01,27,NSH,D,17,1,2,3,3,30,0.7,1,0,0,0,1,0,1,15,6.7,282,16:37,20,55,0,0,
794,Brady Tkachuk\tkachbr01,20,OTT,LW,59,18,18,36,-15,71,3.2,16,2,0,2,13,5,0,218,8.3,1108,18:47,36,244,117,132,47
795,Matthew Tkachuk\tkachma01,22,CGY,LW,60,20,30,50,-9,65,5.2,15,5,0,4,19,11,0,169,11.8,1098,18:18,17,109,0,4,0
796,Devon Toews\toewsde01,25,NYI,D,58,5,17,22,5,14,4.4,4,1,0,1,13,4,0,102,4.9,1183,20:24,65,43,0,0,
797,Jonathan Toews\toewsjo01,31,CHI,C,59,16,34,50,-5,46,4.4,14,1,1,3,29,5,0,139,11.5,1162,19:41,32,53,711,535,57.1
798,Tyler Toffoli\toffoty01,27,LAK,C,58,18,16,34,-4,16,3.7,14,4,0,3,13,3,0,165,10.9,963,16:37,14,33,4,9,30.8
799,Dominic Toninato\tonindo01,25,FLA,C,40,4,7,11,4,31,0.8,4,0,0,0,7,0,0,30,13.3,449,11:14,25,45,120,128,48.4
800,Yakov Trenin\treniya01,23,NSH,C,17,2,4,6,1,7,0.5,2,0,0,0,4,0,0,23,8.7,171,10:04,7,35,2,1,66.7
801,Vincent Trocheck\trochvi01,26,FLA,C,52,9,24,33,-3,29,2.4,8,0,1,0,19,5,0,126,7.1,888,17:05,33,79,354,317,52.8
802,Zach Trotman\trotmza01,29,PIT,D,5,0,0,0,1,4,0.1,0,0,0,0,0,0,0,6,0,78,15:36,7,14,0,0,
803,Jacob Trouba\troubja01,25,NYR,D,58,7,17,24,-12,46,3.2,3,4,0,1,11,4,2,142,4.9,1329,22:55,110,144,0,0,
804,Alexander True\trueal01,22,SJS,F,6,0,3,3,2,0,0.3,0,0,0,0,3,0,0,5,0,60,09:58,2,10,18,14,56.3
805,Alex Tuch\tuchal01,23,VEG,RW,42,8,9,17,-10,8,1.2,5,3,0,2,5,4,0,98,8.2,614,14:37,20,58,8,20,28.6
806,Kyle Turris\turriky01,30,NSH,C,51,9,19,28,-4,20,2.2,7,2,0,4,12,7,0,70,12.9,769,15:05,18,13,203,222,47.8
807,Carsen Twarynski\twaryca01,22,PHI,F,15,1,0,1,-2,4,-0.1,1,0,0,0,0,0,0,14,7.1,160,10:41,8,40,0,2,0
808,T.J. Tynan\tynant.01,27,COL,C,15,0,1,1,-1,2,-0.2,0,0,0,0,1,0,0,7,0,130,08:39,3,7,3,15,16.7
809,Urho Vaakanainen\vaakaur01,21,BOS,D,5,0,0,0,2,0,0.2,0,0,0,0,0,0,0,2,0,84,16:51,3,8,0,0,
810,James van Riemsdyk\vanrija01,30,PHI,LW,59,18,20,38,2,8,4.3,14,4,0,2,16,4,0,141,12.8,896,15:12,15,23,6,13,31.6
811,Trevor van Riemsdyk\vanritr01,28,CAR,D,39,1,5,6,-7,8,0.6,1,0,0,0,5,0,0,44,2.3,576,14:46,30,14,0,0,
812,Sami Vatanen\vatansa01,28,NJD,D,47,5,18,23,-12,22,3,4,1,0,0,8,9,1,95,5.3,1022,21:45,80,50,0,0,
813,Frank Vatrano\vatrafr01,25,FLA,LW,59,15,15,30,-5,24,2.6,11,2,2,4,15,0,0,135,11.1,893,15:09,38,83,12,26,31.6
814,Lukas Vejdemo\vejdelu01,24,MTL,C,4,0,0,0,-1,0,-0.1,0,0,0,0,0,0,0,2,0,30,07:30,1,3,0,0,
815,Carter Verhaeghe\verhaca01,24,TBL,C,47,8,4,12,-7,8,0.9,7,1,0,1,4,0,0,53,15.1,441,09:22,6,27,14,17,45.2
816,Max Veronneau\veronma01,24,OTT,RW,4,0,0,0,-2,0,-0.1,0,0,0,0,0,0,0,3,0,34,08:25,2,2,0,0,
817,Jimmy Vesey\veseyji02,26,BUF,LW,55,9,10,19,14,15,2.1,8,0,1,2,9,1,0,85,10.6,777,14:08,13,35,0,4,0
818,Jake Virtanen\virtaja01,23,VAN,RW,59,16,16,32,-1,39,3.4,11,5,0,6,13,3,0,127,12.6,768,13:01,23,88,4,11,26.7
819,Marc-Edouard Vlasic\vlasima01,32,SJS,D,59,5,8,13,-7,10,3,4,0,1,1,8,0,0,60,8.3,1196,20:16,80,32,0,0,
820,Alexander Volkov\volkoal01,22,TBL,RW,9,0,1,1,-6,6,-0.3,0,0,0,0,1,0,0,7,0,92,10:16,2,10,1,3,25
821,Jakub Voracek\voracja01,30,PHI,RW,59,11,32,43,12,29,4.3,8,3,0,3,22,10,0,108,10.2,1006,17:03,20,14,7,13,35
822,Mikhail Vorobyev\vorobmi01,23,PHI,C,20,1,2,3,-5,6,-0.1,1,0,0,0,2,0,0,15,6.7,209,10:26,3,4,78,62,55.7
823,Jakub Vrana\vranaja01,23,WSH,LW,59,23,26,49,5,18,6,22,1,0,6,15,11,0,164,14,879,14:53,15,26,4,5,44.4
824,Austin Wagner\wagneau01,22,LAK,LW,54,4,5,9,-5,32,0.2,4,0,0,0,5,0,0,110,3.6,649,12:01,14,126,2,6,25
825,Chris Wagner\wagnech01,28,BOS,C,58,4,4,8,-8,36,-0.3,3,0,1,0,4,0,0,67,6,724,12:29,27,162,107,120,47.1
826,Oliver Wahlstrom\wahlsol01,19,NYI,RW,9,0,0,0,-2,4,-0.2,0,0,0,0,0,0,0,9,0,93,10:17,4,10,0,3,0
827,Nathan Walker\walkena01,25,STL,C,5,1,1,2,-2,4,0.1,1,0,0,0,1,0,0,6,16.7,56,11:08,1,10,1,0,100
828,Sean Walker\walkese01,25,LAK,D,59,5,16,21,-7,20,3.6,5,0,0,0,13,3,0,109,4.6,1117,18:56,71,71,0,0,
829,Lucas Wallmark\wallmlu01,24,CAR,C,57,10,12,22,0,16,1.9,7,3,0,0,8,3,1,76,13.2,738,12:57,21,48,333,329,50.3
830,Jake Walman\walmaja01,23,STL,D,1,0,0,0,1,0,0.1,0,0,0,0,0,0,0,1,0,11,11:04,1,0,0,0,
831,Austin Watson\watsoau01,28,NSH,LW,49,6,8,14,-8,65,0.6,6,0,0,1,6,0,2,46,13,579,11:49,44,119,6,6,50
832,Jordan Weal\wealjo01,27,MTL,C,40,6,4,10,-8,14,0.4,4,2,0,2,3,1,0,66,9.1,534,13:21,21,28,74,79,48.4
833,Shea Weber\webersh01,34,MTL,D,55,13,21,34,8,26,6.6,10,3,0,2,16,5,0,157,8.3,1336,00:18,97,94,0,0,
834,Yannick Weber\weberya01,31,NSH,D,38,1,2,3,1,8,0.6,1,0,0,1,2,0,0,44,2.3,533,14:02,33,35,0,0,
835,Anton Wedin\wedinan01,26,CHI,F,4,0,0,0,1,4,0,0,0,0,0,0,0,0,2,0,36,09:04,1,5,0,0,
836,MacKenzie Weegar\weegama01,26,FLA,D,35,4,10,14,0,24,2,4,0,0,0,10,0,0,56,7.1,685,19:34,50,58,0,0,
837,Dale Weise\weiseda01,31,MTL,RW,16,1,3,4,1,16,0.3,1,0,0,0,3,0,0,11,9.1,148,09:15,7,50,0,0,
838,Alexander Wennberg\wennbal01,25,CBJ,C,52,5,15,20,0,16,1.4,4,1,0,1,11,4,0,65,7.7,860,16:32,29,16,306,347,46.9
839,Zach Werenski\werenza01,22,CBJ,D,53,18,17,35,8,10,7.9,13,4,1,4,10,7,0,150,12,1262,23:49,44,31,0,0,
840,Blake Wheeler\wheelbl01,33,WPG,RW,60,18,33,51,-8,29,4.6,13,4,1,2,17,15,1,156,11.5,1146,19:06,41,93,322,326,49.7
841,Colin White\whiteco02,23,OTT,C,52,5,10,15,-15,32,0.2,4,1,0,0,7,3,0,71,7,812,15:37,26,37,228,263,46.4
842,Colton White\whiteco03,22,NJD,D,3,0,0,0,-1,0,0,0,0,0,0,0,0,0,2,0,40,13:12,3,1,0,0,
843,Zach Whitecloud\whiteza01,23,VEG,D,7,0,0,0,3,4,0.3,0,0,0,0,0,0,0,6,0,99,14:12,6,4,0,0,
844,Justin Williams\williju01,38,CAR,RW,10,2,1,3,1,2,0.3,1,1,0,1,1,0,0,24,8.3,130,12:59,3,12,2,3,40
845,Colin Wilson\wilsoco01,30,COL,C,9,0,4,4,6,0,0.4,0,0,0,0,4,0,0,12,0,114,12:38,2,8,3,4,42.9
846,Scott Wilson\wilsosc01,27,BUF,C,6,1,1,2,1,2,0.2,1,0,0,0,1,0,0,8,12.5,70,11:38,0,3,0,0,
847,Tom Wilson\wilsoto01,25,WSH,RW,58,17,21,38,-1,77,3.7,12,4,1,4,18,2,1,131,13,1062,18:19,50,214,15,32,31.9
848,Luke Witkowski\witkolu01,29,TBL,D,12,1,2,3,-4,13,0.2,1,0,0,0,2,0,0,10,10,106,08:48,3,38,0,0,
849,Miles Wood\woodmi01,24,NJD,LW,58,10,10,20,-16,51,1.2,10,0,0,1,10,0,0,119,8.4,741,12:46,23,89,0,1,0
850,Kailer Yamamoto\yamamka01,21,EDM,RW,18,9,9,18,12,8,2.7,7,2,0,0,9,0,0,32,28.1,304,16:54,7,29,1,0,100
851,Keith Yandle\yandlke01,33,FLA,D,59,5,36,41,5,18,5.3,3,2,0,0,18,18,0,114,4.4,1174,19:54,46,17,0,1,0
852,Alexander Yelesin\yelesal01,23,CGY,D,2,0,0,0,0,0,0,0,0,0,0,0,0,0,2,0,23,11:42,0,6,0,0,
853,Danil Yurtaykin\yurtada01,22,SJS,F,4,0,0,0,-1,0,-0.1,0,0,0,0,0,0,0,2,0,52,13:00,2,3,0,0,
854,Pavel Zacha\zachapa01,22,NJD,C,54,6,19,25,-15,10,1.2,3,1,2,0,15,2,2,78,7.7,870,16:07,18,44,212,286,42.6
855,Filip Zadina\zadinfi01,20,DET,RW,28,8,7,15,-13,2,1.3,4,4,0,1,4,3,0,60,13.3,425,15:10,10,11,1,0,100
856,Nikita Zadorov\zadorni01,24,COL,D,54,4,9,13,8,55,2.4,4,0,0,0,9,0,0,59,6.8,982,18:12,59,148,0,0,
857,Nikita Zaitsev\zaitsni01,28,OTT,D,46,1,8,9,-3,12,1.7,1,0,0,0,8,0,0,49,2,999,21:44,102,80,0,0,
858,Travis Zajac\zajactr01,34,NJD,C,58,6,15,21,-8,24,0.8,5,0,1,1,13,0,2,57,10.5,999,17:13,34,54,480,440,52.2
859,Mika Zibanejad\zibanmi01,26,NYR,C,45,25,27,52,7,14,6.3,12,10,3,4,16,9,2,153,16.3,961,21:22,35,44,468,487,49
860,Mats Zuccarello\zuccama01,32,MIN,LW,54,14,16,30,-9,18,2.6,11,3,0,2,13,3,0,86,16.3,876,16:13,34,12,8,5,61.5
861,Jason Zucker\zuckeja01,28,TOT,LW,48,16,16,32,0,19,3.5,11,5,0,3,12,4,0,83,19.3,767,15:59,20,36,12,28,30
861,Jason Zucker\zuckeja01,28,MIN,LW,45,14,15,29,-3,19,3,9,5,0,2,11,4,0,75,18.7,715,15:54,20,35,12,28,30
861,Jason Zucker\zuckeja01,28,PIT,LW,3,2,1,3,3,0,0.5,2,0,0,1,1,0,0,8,25,52,17:14,0,1,0,0,
862,Valentin Zykov\zykovva01,24,VEG,LW,15,1,3,4,-2,6,0.1,0,1,0,0,3,0,0,19,5.3,183,12:13,3,20,0,1,0
